분석권역,서열체계,급지레벨,비교집단,기준기간,전용면적_구분,최소거래건수,시도,도시루트,시군구,읍면동,평단가_평균,평단가_중앙값,거래건수,서열단계수,급지,급지_점수,급지그룹,비고,산정방식,데이터출처
주요중소도시,3단계 상대서열,읍면동,도시 내부,202301~202512,중소형,15,강원특별자치도,원주시,원주시,무실동,1443.6035852683744,1479.912240814669,811,3,1,3,상위권,,현재 DuckDB 재산출(도시 내부 3단계 상대서열),apartment.duckdb/v_sale_clean
주요중소도시,3단계 상대서열,읍면동,도시 내부,202301~202512,중소형,15,강원특별자치도,원주시,원주시,단계동,1093.3692640074473,1254.3851091224126,711,3,1,3,상위권,,현재 DuckDB 재산출(도시 내부 3단계 상대서열),apartment.duckdb/v_sale_clean
주요중소도시,3단계 상대서열,읍면동,도시 내부,202301~202512,중소형,15,강원특별자치도,원주시,원주시,지정면,1255.0302672972077,1218.6903293758833,888,3,1,3,상위권,,현재 DuckDB 재산출(도시 내부 3단계 상대서열),apartment.duckdb/v_sale_clean
주요중소도시,3단계 상대서열,읍면동,도시 내부,202301~202512,중소형,15,강원특별자치도,원주시,원주시,반곡동,1212.5470281209464,1187.8006129074884,1048,3,1,3,상위권,,현재 DuckDB 재산출(도시 내부 3단계 상대서열),apartment.duckdb/v_sale_clean
주요중소도시,3단계 상대서열,읍면동,도시 내부,202301~202512,중소형,15,강원특별자치도,원주시,원주시,판부면,1190.4174495357809,1178.0172677697833,25,3,1,3,상위권,,현재 DuckDB 재산출(도시 내부 3단계 상대서열),apartment.duckdb/v_sale_clean
주요중소도시,3단계 상대서열,읍면동,도시 내부,202301~202512,중소형,15,강원특별자치도,원주시,원주시,명륜동,1167.9343427094752,1011.8717857260308,673,3,1,3,상위권,,현재 DuckDB 재산출(도시 내부 3단계 상대서열),apartment.duckdb/v_sale_clean
주요중소도시,3단계 상대서열,읍면동,도시 내부,202301~202512,중소형,15,강원특별자치도,원주시,원주시,단구동,991.374080440688,953.3598834332709,897,3,2,2,중위권,,현재 DuckDB 재산출(도시 내부 3단계 상대서열),apartment.duckdb/v_sale_clean
주요중소도시,3단계 상대서열,읍면동,도시 내부,202301~202512,중소형,15,강원특별자치도,원주시,원주시,우산동,878.1842503620713,933.442079335576,248,3,2,2,중위권,,현재 DuckDB 재산출(도시 내부 3단계 상대서열),apartment.duckdb/v_sale_clean
주요중소도시,3단계 상대서열,읍면동,도시 내부,202301~202512,중소형,15,강원특별자치도,원주시,원주시,개운동,840.100291594147,929.6672548422714,142,3,2,2,중위권,,현재 DuckDB 재산출(도시 내부 3단계 상대서열),apartment.duckdb/v_sale_clean
주요중소도시,3단계 상대서열,읍면동,도시 내부,202301~202512,중소형,15,강원특별자치도,원주시,원주시,흥업면,858.8660720752165,868.6999641115893,65,3,2,2,중위권,,현재 DuckDB 재산출(도시 내부 3단계 상대서열),apartment.duckdb/v_sale_clean
주요중소도시,3단계 상대서열,읍면동,도시 내부,202301~202512,중소형,15,강원특별자치도,원주시,원주시,행구동,792.4278488705505,852.5525264303851,134,3,2,2,중위권,,현재 DuckDB 재산출(도시 내부 3단계 상대서열),apartment.duckdb/v_sale_clean
주요중소도시,3단계 상대서열,읍면동,도시 내부,202301~202512,중소형,15,강원특별자치도,원주시,원주시,문막읍,788.6641203866412,820.342541841132,176,3,2,2,중위권,,현재 DuckDB 재산출(도시 내부 3단계 상대서열),apartment.duckdb/v_sale_clean
주요중소도시,3단계 상대서열,읍면동,도시 내부,202301~202512,중소형,15,강원특별자치도,원주시,원주시,관설동,898.3933122228892,816.9540529479592,120,3,3,1,하위권,,현재 DuckDB 재산출(도시 내부 3단계 상대서열),apartment.duckdb/v_sale_clean
주요중소도시,3단계 상대서열,읍면동,도시 내부,202301~202512,중소형,15,강원특별자치도,원주시,원주시,봉산동,741.8606533692704,699.637063273427,53,3,3,1,하위권,,현재 DuckDB 재산출(도시 내부 3단계 상대서열),apartment.duckdb/v_sale_clean
주요중소도시,3단계 상대서열,읍면동,도시 내부,202301~202512,중소형,15,강원특별자치도,원주시,원주시,태장동,706.8100575468505,642.8809497918679,550,3,3,1,하위권,,현재 DuckDB 재산출(도시 내부 3단계 상대서열),apartment.duckdb/v_sale_clean
주요중소도시,3단계 상대서열,읍면동,도시 내부,202301~202512,중소형,15,강원특별자치도,원주시,원주시,일산동,747.6048053025423,557.7055139954298,118,3,3,1,하위권,,현재 DuckDB 재산출(도시 내부 3단계 상대서열),apartment.duckdb/v_sale_clean
주요중소도시,3단계 상대서열,읍면동,도시 내부,202301~202512,중소형,15,강원특별자치도,원주시,원주시,원동,544.4162225703403,544.4609043041903,16,3,3,1,하위권,,현재 DuckDB 재산출(도시 내부 3단계 상대서열),apartment.duckdb/v_sale_clean
주요중소도시,3단계 상대서열,읍면동,도시 내부,202301~202512,중소형,15,강원특별자치도,원주시,원주시,학성동,482.6379707853371,478.9029677905513,46,3,3,1,하위권,,현재 DuckDB 재산출(도시 내부 3단계 상대서열),apartment.duckdb/v_sale_clean
주요중소도시,3단계 상대서열,읍면동,도시 내부,202301~202512,중소형,15,강원특별자치도,춘천시,춘천시,온의동,1812.4627470589942,2066.2131653644974,552,3,1,3,상위권,,현재 DuckDB 재산출(도시 내부 3단계 상대서열),apartment.duckdb/v_sale_clean
주요중소도시,3단계 상대서열,읍면동,도시 내부,202301~202512,중소형,15,강원특별자치도,춘천시,춘천시,약사동,2093.0614803206504,2064.519902885844,107,3,1,3,상위권,,현재 DuckDB 재산출(도시 내부 3단계 상대서열),apartment.duckdb/v_sale_clean
주요중소도시,3단계 상대서열,읍면동,도시 내부,202301~202512,중소형,15,강원특별자치도,춘천시,춘천시,삼천동,2036.264973572227,2043.7776988447044,143,3,1,3,상위권,,현재 DuckDB 재산출(도시 내부 3단계 상대서열),apartment.duckdb/v_sale_clean
주요중소도시,3단계 상대서열,읍면동,도시 내부,202301~202512,중소형,15,강원특별자치도,춘천시,춘천시,소양로2가,1303.4975200470305,1409.002974913884,224,3,1,3,상위권,,현재 DuckDB 재산출(도시 내부 3단계 상대서열),apartment.duckdb/v_sale_clean
주요중소도시,3단계 상대서열,읍면동,도시 내부,202301~202512,중소형,15,강원특별자치도,춘천시,춘천시,우두동,1337.2141140581007,1383.4182706687075,627,3,1,3,상위권,,현재 DuckDB 재산출(도시 내부 3단계 상대서열),apartment.duckdb/v_sale_clean
주요중소도시,3단계 상대서열,읍면동,도시 내부,202301~202512,중소형,15,강원특별자치도,춘천시,춘천시,근화동,1349.4253574114093,1322.7809134385786,69,3,1,3,상위권,,현재 DuckDB 재산출(도시 내부 3단계 상대서열),apartment.duckdb/v_sale_clean
주요중소도시,3단계 상대서열,읍면동,도시 내부,202301~202512,중소형,15,강원특별자치도,춘천시,춘천시,퇴계동,1421.8626669259747,1264.7206183510962,968,3,2,2,중위권,,현재 DuckDB 재산출(도시 내부 3단계 상대서열),apartment.duckdb/v_sale_clean
주요중소도시,3단계 상대서열,읍면동,도시 내부,202301~202512,중소형,15,강원특별자치도,춘천시,춘천시,효자동,1159.54315443847,1261.7521414426415,156,3,2,2,중위권,,현재 DuckDB 재산출(도시 내부 3단계 상대서열),apartment.duckdb/v_sale_clean
주요중소도시,3단계 상대서열,읍면동,도시 내부,202301~202512,중소형,15,강원특별자치도,춘천시,춘천시,후평동,1163.9108904683703,1206.0422405012405,972,3,2,2,중위권,,현재 DuckDB 재산출(도시 내부 3단계 상대서열),apartment.duckdb/v_sale_clean
주요중소도시,3단계 상대서열,읍면동,도시 내부,202301~202512,중소형,15,강원특별자치도,춘천시,춘천시,동면,1116.6505749312792,1111.1327594779345,308,3,2,2,중위권,,현재 DuckDB 재산출(도시 내부 3단계 상대서열),apartment.duckdb/v_sale_clean
주요중소도시,3단계 상대서열,읍면동,도시 내부,202301~202512,중소형,15,강원특별자치도,춘천시,춘천시,요선동,1078.869674595172,1091.8222988938223,36,3,2,2,중위권,,현재 DuckDB 재산출(도시 내부 3단계 상대서열),apartment.duckdb/v_sale_clean
주요중소도시,3단계 상대서열,읍면동,도시 내부,202301~202512,중소형,15,강원특별자치도,춘천시,춘천시,동내면,1127.1056269429375,1030.3618385454095,212,3,3,1,하위권,,현재 DuckDB 재산출(도시 내부 3단계 상대서열),apartment.duckdb/v_sale_clean
주요중소도시,3단계 상대서열,읍면동,도시 내부,202301~202512,중소형,15,강원특별자치도,춘천시,춘천시,사농동,950.7001093045529,972.4041428306102,223,3,3,1,하위권,,현재 DuckDB 재산출(도시 내부 3단계 상대서열),apartment.duckdb/v_sale_clean
주요중소도시,3단계 상대서열,읍면동,도시 내부,202301~202512,중소형,15,강원특별자치도,춘천시,춘천시,석사동,983.6419256794325,954.0786374978218,581,3,3,1,하위권,,현재 DuckDB 재산출(도시 내부 3단계 상대서열),apartment.duckdb/v_sale_clean
주요중소도시,3단계 상대서열,읍면동,도시 내부,202301~202512,중소형,15,강원특별자치도,춘천시,춘천시,칠전동,821.702590253906,817.1242551146362,86,3,3,1,하위권,,현재 DuckDB 재산출(도시 내부 3단계 상대서열),apartment.duckdb/v_sale_clean
주요중소도시,3단계 상대서열,읍면동,도시 내부,202301~202512,중소형,15,강원특별자치도,춘천시,춘천시,신북읍,673.6895386662691,697.8900303601247,31,3,3,1,하위권,,현재 DuckDB 재산출(도시 내부 3단계 상대서열),apartment.duckdb/v_sale_clean
주요중소도시,3단계 상대서열,읍면동,도시 내부,202301~202512,중소형,15,경상남도,거제시,거제시,수월동,980.9952662469373,1006.1492095879,129,3,1,3,상위권,,현재 DuckDB 재산출(도시 내부 3단계 상대서열),apartment.duckdb/v_sale_clean
주요중소도시,3단계 상대서열,읍면동,도시 내부,202301~202512,중소형,15,경상남도,거제시,거제시,고현동,945.3257061128429,828.4785817380179,577,3,1,3,상위권,,현재 DuckDB 재산출(도시 내부 3단계 상대서열),apartment.duckdb/v_sale_clean
주요중소도시,3단계 상대서열,읍면동,도시 내부,202301~202512,중소형,15,경상남도,거제시,거제시,양정동,849.3406838616421,764.3725111578692,220,3,1,3,상위권,,현재 DuckDB 재산출(도시 내부 3단계 상대서열),apartment.duckdb/v_sale_clean
주요중소도시,3단계 상대서열,읍면동,도시 내부,202301~202512,중소형,15,경상남도,거제시,거제시,상동동,749.776591629148,739.3642524071337,490,3,1,3,상위권,,현재 DuckDB 재산출(도시 내부 3단계 상대서열),apartment.duckdb/v_sale_clean
주요중소도시,3단계 상대서열,읍면동,도시 내부,202301~202512,중소형,15,경상남도,거제시,거제시,장평동,780.9646551948496,739.2506894704236,248,3,1,3,상위권,,현재 DuckDB 재산출(도시 내부 3단계 상대서열),apartment.duckdb/v_sale_clean
주요중소도시,3단계 상대서열,읍면동,도시 내부,202301~202512,중소형,15,경상남도,거제시,거제시,아주동,681.4701270893096,692.5314227079808,404,3,2,2,중위권,,현재 DuckDB 재산출(도시 내부 3단계 상대서열),apartment.duckdb/v_sale_clean
주요중소도시,3단계 상대서열,읍면동,도시 내부,202301~202512,중소형,15,경상남도,거제시,거제시,문동동,589.319910932026,677.5729030542458,82,3,2,2,중위권,,현재 DuckDB 재산출(도시 내부 3단계 상대서열),apartment.duckdb/v_sale_clean
주요중소도시,3단계 상대서열,읍면동,도시 내부,202301~202512,중소형,15,경상남도,거제시,거제시,거제면,635.04431279385,638.1193595258244,47,3,2,2,중위권,,현재 DuckDB 재산출(도시 내부 3단계 상대서열),apartment.duckdb/v_sale_clean
주요중소도시,3단계 상대서열,읍면동,도시 내부,202301~202512,중소형,15,경상남도,거제시,거제시,덕포동,728.6586205344724,624.2834596972518,30,3,2,2,중위권,,현재 DuckDB 재산출(도시 내부 3단계 상대서열),apartment.duckdb/v_sale_clean
주요중소도시,3단계 상대서열,읍면동,도시 내부,202301~202512,중소형,15,경상남도,거제시,거제시,사등면,637.9041420256171,622.3679427608203,93,3,2,2,중위권,,현재 DuckDB 재산출(도시 내부 3단계 상대서열),apartment.duckdb/v_sale_clean
주요중소도시,3단계 상대서열,읍면동,도시 내부,202301~202512,중소형,15,경상남도,거제시,거제시,일운면,632.2683486816596,622.3437771986718,70,3,3,1,하위권,,현재 DuckDB 재산출(도시 내부 3단계 상대서열),apartment.duckdb/v_sale_clean
주요중소도시,3단계 상대서열,읍면동,도시 내부,202301~202512,중소형,15,경상남도,거제시,거제시,연초면,548.7460090014856,603.9609191484941,33,3,3,1,하위권,,현재 DuckDB 재산출(도시 내부 3단계 상대서열),apartment.duckdb/v_sale_clean
주요중소도시,3단계 상대서열,읍면동,도시 내부,202301~202512,중소형,15,경상남도,거제시,거제시,옥포동,610.2602054771559,548.8220944720946,255,3,3,1,하위권,,현재 DuckDB 재산출(도시 내부 3단계 상대서열),apartment.duckdb/v_sale_clean
주요중소도시,3단계 상대서열,읍면동,도시 내부,202301~202512,중소형,15,경상남도,거제시,거제시,능포동,440.0695082769294,430.68890079524385,82,3,3,1,하위권,,현재 DuckDB 재산출(도시 내부 3단계 상대서열),apartment.duckdb/v_sale_clean
주요중소도시,3단계 상대서열,읍면동,도시 내부,202301~202512,중소형,15,경상남도,거제시,거제시,장승포동,378.68133474728717,364.4338928802029,25,3,3,1,하위권,,현재 DuckDB 재산출(도시 내부 3단계 상대서열),apartment.duckdb/v_sale_clean
주요중소도시,3단계 상대서열,읍면동,도시 내부,202301~202512,중소형,15,경상남도,김해시,김해시,장유동,1693.8509448614607,1700.284590483198,660,3,1,3,상위권,,현재 DuckDB 재산출(도시 내부 3단계 상대서열),apartment.duckdb/v_sale_clean
주요중소도시,3단계 상대서열,읍면동,도시 내부,202301~202512,중소형,15,경상남도,김해시,김해시,부원동,1602.87632277366,1696.496562928258,121,3,1,3,상위권,,현재 DuckDB 재산출(도시 내부 3단계 상대서열),apartment.duckdb/v_sale_clean
주요중소도시,3단계 상대서열,읍면동,도시 내부,202301~202512,중소형,15,경상남도,김해시,김해시,봉황동,1403.2363351784154,1565.4541219992054,138,3,1,3,상위권,,현재 DuckDB 재산출(도시 내부 3단계 상대서열),apartment.duckdb/v_sale_clean
주요중소도시,3단계 상대서열,읍면동,도시 내부,202301~202512,중소형,15,경상남도,김해시,김해시,주촌면,1489.8287432096977,1497.7650319715144,542,3,1,3,상위권,,현재 DuckDB 재산출(도시 내부 3단계 상대서열),apartment.duckdb/v_sale_clean
주요중소도시,3단계 상대서열,읍면동,도시 내부,202301~202512,중소형,15,경상남도,김해시,김해시,율하동,1267.1679656472336,1283.7698329066582,839,3,1,3,상위권,,현재 DuckDB 재산출(도시 내부 3단계 상대서열),apartment.duckdb/v_sale_clean
주요중소도시,3단계 상대서열,읍면동,도시 내부,202301~202512,중소형,15,경상남도,김해시,김해시,신문동,1214.3717063233012,1239.2913705099568,387,3,1,3,상위권,,현재 DuckDB 재산출(도시 내부 3단계 상대서열),apartment.duckdb/v_sale_clean
주요중소도시,3단계 상대서열,읍면동,도시 내부,202301~202512,중소형,15,경상남도,김해시,김해시,무계동,1181.9718622340954,1235.304874336927,148,3,1,3,상위권,,현재 DuckDB 재산출(도시 내부 3단계 상대서열),apartment.duckdb/v_sale_clean
주요중소도시,3단계 상대서열,읍면동,도시 내부,202301~202512,중소형,15,경상남도,김해시,김해시,관동동,1115.4923975035426,1167.613098166974,753,3,1,3,상위권,,현재 DuckDB 재산출(도시 내부 3단계 상대서열),apartment.duckdb/v_sale_clean
주요중소도시,3단계 상대서열,읍면동,도시 내부,202301~202512,중소형,15,경상남도,김해시,김해시,구산동,1042.8087335851776,1116.4250436310188,319,3,1,3,상위권,,현재 DuckDB 재산출(도시 내부 3단계 상대서열),apartment.duckdb/v_sale_clean
주요중소도시,3단계 상대서열,읍면동,도시 내부,202301~202512,중소형,15,경상남도,김해시,김해시,삼문동,915.5642785619387,1032.8288750268098,489,3,2,2,중위권,,현재 DuckDB 재산출(도시 내부 3단계 상대서열),apartment.duckdb/v_sale_clean
주요중소도시,3단계 상대서열,읍면동,도시 내부,202301~202512,중소형,15,경상남도,김해시,김해시,내덕동,1064.6659266121608,1019.2071583084182,77,3,2,2,중위권,,현재 DuckDB 재산출(도시 내부 3단계 상대서열),apartment.duckdb/v_sale_clean
주요중소도시,3단계 상대서열,읍면동,도시 내부,202301~202512,중소형,15,경상남도,김해시,김해시,내동,1339.3942988350764,1008.2054886278606,269,3,2,2,중위권,,현재 DuckDB 재산출(도시 내부 3단계 상대서열),apartment.duckdb/v_sale_clean
주요중소도시,3단계 상대서열,읍면동,도시 내부,202301~202512,중소형,15,경상남도,김해시,김해시,진영읍,899.8138599613692,893.5225856303284,1223,3,2,2,중위권,,현재 DuckDB 재산출(도시 내부 3단계 상대서열),apartment.duckdb/v_sale_clean
주요중소도시,3단계 상대서열,읍면동,도시 내부,202301~202512,중소형,15,경상남도,김해시,김해시,동상동,764.0269942616466,875.1688772054923,75,3,2,2,중위권,,현재 DuckDB 재산출(도시 내부 3단계 상대서열),apartment.duckdb/v_sale_clean
주요중소도시,3단계 상대서열,읍면동,도시 내부,202301~202512,중소형,15,경상남도,김해시,김해시,삼계동,1008.5278262360719,856.0953938536419,1333,3,2,2,중위권,,현재 DuckDB 재산출(도시 내부 3단계 상대서열),apartment.duckdb/v_sale_clean
주요중소도시,3단계 상대서열,읍면동,도시 내부,202301~202512,중소형,15,경상남도,김해시,김해시,외동,896.7440390965754,801.5478112091531,356,3,2,2,중위권,,현재 DuckDB 재산출(도시 내부 3단계 상대서열),apartment.duckdb/v_sale_clean
주요중소도시,3단계 상대서열,읍면동,도시 내부,202301~202512,중소형,15,경상남도,김해시,김해시,전하동,757.40229219464,779.206864812479,29,3,2,2,중위권,,현재 DuckDB 재산출(도시 내부 3단계 상대서열),apartment.duckdb/v_sale_clean
주요중소도시,3단계 상대서열,읍면동,도시 내부,202301~202512,중소형,15,경상남도,김해시,김해시,지내동,691.1115141999384,700.6256002755794,74,3,2,2,중위권,,현재 DuckDB 재산출(도시 내부 3단계 상대서열),apartment.duckdb/v_sale_clean
주요중소도시,3단계 상대서열,읍면동,도시 내부,202301~202512,중소형,15,경상남도,김해시,김해시,대청동,641.5172080278419,638.6614049973658,205,3,3,1,하위권,,현재 DuckDB 재산출(도시 내부 3단계 상대서열),apartment.duckdb/v_sale_clean
주요중소도시,3단계 상대서열,읍면동,도시 내부,202301~202512,중소형,15,경상남도,김해시,김해시,부곡동,621.2703029887641,613.0611513478472,864,3,3,1,하위권,,현재 DuckDB 재산출(도시 내부 3단계 상대서열),apartment.duckdb/v_sale_clean
주요중소도시,3단계 상대서열,읍면동,도시 내부,202301~202512,중소형,15,경상남도,김해시,김해시,안동,716.3111471490896,565.0581668928523,123,3,3,1,하위권,,현재 DuckDB 재산출(도시 내부 3단계 상대서열),apartment.duckdb/v_sale_clean
주요중소도시,3단계 상대서열,읍면동,도시 내부,202301~202512,중소형,15,경상남도,김해시,김해시,삼정동,536.618989124057,553.5451086028262,120,3,3,1,하위권,,현재 DuckDB 재산출(도시 내부 3단계 상대서열),apartment.duckdb/v_sale_clean
주요중소도시,3단계 상대서열,읍면동,도시 내부,202301~202512,중소형,15,경상남도,김해시,김해시,어방동,614.7806681073137,550.7695691055249,225,3,3,1,하위권,,현재 DuckDB 재산출(도시 내부 3단계 상대서열),apartment.duckdb/v_sale_clean
주요중소도시,3단계 상대서열,읍면동,도시 내부,202301~202512,중소형,15,경상남도,김해시,김해시,대성동,512.2034124592133,544.1287392354383,19,3,3,1,하위권,,현재 DuckDB 재산출(도시 내부 3단계 상대서열),apartment.duckdb/v_sale_clean
주요중소도시,3단계 상대서열,읍면동,도시 내부,202301~202512,중소형,15,경상남도,김해시,김해시,흥동,540.5335433424927,542.3477512321098,19,3,3,1,하위권,,현재 DuckDB 재산출(도시 내부 3단계 상대서열),apartment.duckdb/v_sale_clean
주요중소도시,3단계 상대서열,읍면동,도시 내부,202301~202512,중소형,15,경상남도,김해시,김해시,삼방동,478.4354768824405,467.8512407335528,158,3,3,1,하위권,,현재 DuckDB 재산출(도시 내부 3단계 상대서열),apartment.duckdb/v_sale_clean
주요중소도시,3단계 상대서열,읍면동,도시 내부,202301~202512,중소형,15,경상남도,김해시,김해시,진례면,387.8908634123405,439.86177854163185,30,3,3,1,하위권,,현재 DuckDB 재산출(도시 내부 3단계 상대서열),apartment.duckdb/v_sale_clean
주요중소도시,3단계 상대서열,읍면동,도시 내부,202301~202512,중소형,15,경상남도,양산시,양산시,물금읍,1432.6282045762669,1453.0923621832715,2314,3,1,3,상위권,,현재 DuckDB 재산출(도시 내부 3단계 상대서열),apartment.duckdb/v_sale_clean
주요중소도시,3단계 상대서열,읍면동,도시 내부,202301~202512,중소형,15,경상남도,양산시,양산시,동면,1321.2176497373175,1368.2493012985224,826,3,1,3,상위권,,현재 DuckDB 재산출(도시 내부 3단계 상대서열),apartment.duckdb/v_sale_clean
주요중소도시,3단계 상대서열,읍면동,도시 내부,202301~202512,중소형,15,경상남도,양산시,양산시,덕계동,1111.9698824691834,1170.921682220247,454,3,1,3,상위권,,현재 DuckDB 재산출(도시 내부 3단계 상대서열),apartment.duckdb/v_sale_clean
주요중소도시,3단계 상대서열,읍면동,도시 내부,202301~202512,중소형,15,경상남도,양산시,양산시,북부동,1042.9418078149386,1120.383581992355,33,3,1,3,상위권,,현재 DuckDB 재산출(도시 내부 3단계 상대서열),apartment.duckdb/v_sale_clean
주요중소도시,3단계 상대서열,읍면동,도시 내부,202301~202512,중소형,15,경상남도,양산시,양산시,신기동,983.754078420897,1090.3832925085392,61,3,1,3,상위권,,현재 DuckDB 재산출(도시 내부 3단계 상대서열),apartment.duckdb/v_sale_clean
주요중소도시,3단계 상대서열,읍면동,도시 내부,202301~202512,중소형,15,경상남도,양산시,양산시,주진동,1053.7839818222326,1057.456695826485,107,3,1,3,상위권,,현재 DuckDB 재산출(도시 내부 3단계 상대서열),apartment.duckdb/v_sale_clean
주요중소도시,3단계 상대서열,읍면동,도시 내부,202301~202512,중소형,15,경상남도,양산시,양산시,남부동,1063.5881449183828,1052.2225265488614,280,3,2,2,중위권,,현재 DuckDB 재산출(도시 내부 3단계 상대서열),apartment.duckdb/v_sale_clean
주요중소도시,3단계 상대서열,읍면동,도시 내부,202301~202512,중소형,15,경상남도,양산시,양산시,중부동,892.8678004819797,912.9560228911732,94,3,2,2,중위권,,현재 DuckDB 재산출(도시 내부 3단계 상대서열),apartment.duckdb/v_sale_clean
주요중소도시,3단계 상대서열,읍면동,도시 내부,202301~202512,중소형,15,경상남도,양산시,양산시,명동,827.724171094593,837.6552774249994,161,3,2,2,중위권,,현재 DuckDB 재산출(도시 내부 3단계 상대서열),apartment.duckdb/v_sale_clean
주요중소도시,3단계 상대서열,읍면동,도시 내부,202301~202512,중소형,15,경상남도,양산시,양산시,북정동,718.8688184311927,790.771016641221,63,3,2,2,중위권,,현재 DuckDB 재산출(도시 내부 3단계 상대서열),apartment.duckdb/v_sale_clean
주요중소도시,3단계 상대서열,읍면동,도시 내부,202301~202512,중소형,15,경상남도,양산시,양산시,교동,653.3880007932399,681.7601168941158,136,3,2,2,중위권,,현재 DuckDB 재산출(도시 내부 3단계 상대서열),apartment.duckdb/v_sale_clean
주요중소도시,3단계 상대서열,읍면동,도시 내부,202301~202512,중소형,15,경상남도,양산시,양산시,삼호동,641.1201808170634,657.851418729571,285,3,2,2,중위권,,현재 DuckDB 재산출(도시 내부 3단계 상대서열),apartment.duckdb/v_sale_clean
주요중소도시,3단계 상대서열,읍면동,도시 내부,202301~202512,중소형,15,경상남도,양산시,양산시,주남동,630.9866078547783,614.6223340744102,91,3,3,1,하위권,,현재 DuckDB 재산출(도시 내부 3단계 상대서열),apartment.duckdb/v_sale_clean
주요중소도시,3단계 상대서열,읍면동,도시 내부,202301~202512,중소형,15,경상남도,양산시,양산시,하북면,599.2917326397767,537.7040802027138,44,3,3,1,하위권,,현재 DuckDB 재산출(도시 내부 3단계 상대서열),apartment.duckdb/v_sale_clean
주요중소도시,3단계 상대서열,읍면동,도시 내부,202301~202512,중소형,15,경상남도,양산시,양산시,평산동,599.0978586494659,535.031280068758,576,3,3,1,하위권,,현재 DuckDB 재산출(도시 내부 3단계 상대서열),apartment.duckdb/v_sale_clean
주요중소도시,3단계 상대서열,읍면동,도시 내부,202301~202512,중소형,15,경상남도,양산시,양산시,어곡동,449.2256483810779,449.00715341591206,40,3,3,1,하위권,,현재 DuckDB 재산출(도시 내부 3단계 상대서열),apartment.duckdb/v_sale_clean
주요중소도시,3단계 상대서열,읍면동,도시 내부,202301~202512,중소형,15,경상남도,양산시,양산시,상북면,437.40716287849995,384.8411087272342,107,3,3,1,하위권,,현재 DuckDB 재산출(도시 내부 3단계 상대서열),apartment.duckdb/v_sale_clean
주요중소도시,3단계 상대서열,읍면동,도시 내부,202301~202512,중소형,15,경상남도,양산시,양산시,소주동,376.10370512421815,344.79997990260154,46,3,3,1,하위권,,현재 DuckDB 재산출(도시 내부 3단계 상대서열),apartment.duckdb/v_sale_clean
주요중소도시,3단계 상대서열,읍면동,도시 내부,202301~202512,중소형,15,경상남도,진주시,진주시,가좌동,1793.0747281719082,1874.7995991896275,549,3,1,3,상위권,,현재 DuckDB 재산출(도시 내부 3단계 상대서열),apartment.duckdb/v_sale_clean
주요중소도시,3단계 상대서열,읍면동,도시 내부,202301~202512,중소형,15,경상남도,진주시,진주시,충무공동,1816.6769378540205,1741.3206685388286,1364,3,1,3,상위권,,현재 DuckDB 재산출(도시 내부 3단계 상대서열),apartment.duckdb/v_sale_clean
주요중소도시,3단계 상대서열,읍면동,도시 내부,202301~202512,중소형,15,경상남도,진주시,진주시,평거동,1448.6460755960372,1598.9369878274138,904,3,1,3,상위권,,현재 DuckDB 재산출(도시 내부 3단계 상대서열),apartment.duckdb/v_sale_clean
주요중소도시,3단계 상대서열,읍면동,도시 내부,202301~202512,중소형,15,경상남도,진주시,진주시,초전동,1472.6485487559648,1457.0539996370592,747,3,1,3,상위권,,현재 DuckDB 재산출(도시 내부 3단계 상대서열),apartment.duckdb/v_sale_clean
주요중소도시,3단계 상대서열,읍면동,도시 내부,202301~202512,중소형,15,경상남도,진주시,진주시,강남동,1328.6953844135505,1386.456387746373,102,3,1,3,상위권,,현재 DuckDB 재산출(도시 내부 3단계 상대서열),apartment.duckdb/v_sale_clean
주요중소도시,3단계 상대서열,읍면동,도시 내부,202301~202512,중소형,15,경상남도,진주시,진주시,정촌면,1253.4126347524655,1245.3718624923436,292,3,1,3,상위권,,현재 DuckDB 재산출(도시 내부 3단계 상대서열),apartment.duckdb/v_sale_clean
주요중소도시,3단계 상대서열,읍면동,도시 내부,202301~202512,중소형,15,경상남도,진주시,진주시,내동면,1233.0120983021648,1245.3550087140661,68,3,1,3,상위권,,현재 DuckDB 재산출(도시 내부 3단계 상대서열),apartment.duckdb/v_sale_clean
주요중소도시,3단계 상대서열,읍면동,도시 내부,202301~202512,중소형,15,경상남도,진주시,진주시,이현동,972.3842426071151,1166.95491921039,157,3,1,3,상위권,,현재 DuckDB 재산출(도시 내부 3단계 상대서열),apartment.duckdb/v_sale_clean
주요중소도시,3단계 상대서열,읍면동,도시 내부,202301~202512,중소형,15,경상남도,진주시,진주시,주약동,999.1869834751374,1000.1298385073783,226,3,2,2,중위권,,현재 DuckDB 재산출(도시 내부 3단계 상대서열),apartment.duckdb/v_sale_clean
주요중소도시,3단계 상대서열,읍면동,도시 내부,202301~202512,중소형,15,경상남도,진주시,진주시,상평동,945.8867959765096,981.0329350274735,124,3,2,2,중위권,,현재 DuckDB 재산출(도시 내부 3단계 상대서열),apartment.duckdb/v_sale_clean
주요중소도시,3단계 상대서열,읍면동,도시 내부,202301~202512,중소형,15,경상남도,진주시,진주시,호탄동,960.3653748773062,956.4288679354627,73,3,2,2,중위권,,현재 DuckDB 재산출(도시 내부 3단계 상대서열),apartment.duckdb/v_sale_clean
주요중소도시,3단계 상대서열,읍면동,도시 내부,202301~202512,중소형,15,경상남도,진주시,진주시,문산읍,911.6977358382352,934.5834355497952,122,3,2,2,중위권,,현재 DuckDB 재산출(도시 내부 3단계 상대서열),apartment.duckdb/v_sale_clean
주요중소도시,3단계 상대서열,읍면동,도시 내부,202301~202512,중소형,15,경상남도,진주시,진주시,신안동,827.4604115643904,855.816341813047,217,3,2,2,중위권,,현재 DuckDB 재산출(도시 내부 3단계 상대서열),apartment.duckdb/v_sale_clean
주요중소도시,3단계 상대서열,읍면동,도시 내부,202301~202512,중소형,15,경상남도,진주시,진주시,금산면,801.0341988271433,836.2282062885529,427,3,2,2,중위권,,현재 DuckDB 재산출(도시 내부 3단계 상대서열),apartment.duckdb/v_sale_clean
주요중소도시,3단계 상대서열,읍면동,도시 내부,202301~202512,중소형,15,경상남도,진주시,진주시,판문동,689.6697786029106,692.7185261829604,33,3,2,2,중위권,,현재 DuckDB 재산출(도시 내부 3단계 상대서열),apartment.duckdb/v_sale_clean
주요중소도시,3단계 상대서열,읍면동,도시 내부,202301~202512,중소형,15,경상남도,진주시,진주시,망경동,611.6849853865058,635.2782070344396,65,3,3,1,하위권,,현재 DuckDB 재산출(도시 내부 3단계 상대서열),apartment.duckdb/v_sale_clean
주요중소도시,3단계 상대서열,읍면동,도시 내부,202301~202512,중소형,15,경상남도,진주시,진주시,상대동,672.7720389967122,634.1599306047847,165,3,3,1,하위권,,현재 DuckDB 재산출(도시 내부 3단계 상대서열),apartment.duckdb/v_sale_clean
주요중소도시,3단계 상대서열,읍면동,도시 내부,202301~202512,중소형,15,경상남도,진주시,진주시,칠암동,641.1057798837929,632.6478313793325,35,3,3,1,하위권,,현재 DuckDB 재산출(도시 내부 3단계 상대서열),apartment.duckdb/v_sale_clean
주요중소도시,3단계 상대서열,읍면동,도시 내부,202301~202512,중소형,15,경상남도,진주시,진주시,하대동,609.8370906873263,607.8973712360612,249,3,3,1,하위권,,현재 DuckDB 재산출(도시 내부 3단계 상대서열),apartment.duckdb/v_sale_clean
주요중소도시,3단계 상대서열,읍면동,도시 내부,202301~202512,중소형,15,경상남도,진주시,진주시,명석면,488.7555162865324,497.93546671955477,19,3,3,1,하위권,,현재 DuckDB 재산출(도시 내부 3단계 상대서열),apartment.duckdb/v_sale_clean
주요중소도시,3단계 상대서열,읍면동,도시 내부,202301~202512,중소형,15,경상남도,진주시,진주시,상봉동,543.3938645419711,479.7946478907028,87,3,3,1,하위권,,현재 DuckDB 재산출(도시 내부 3단계 상대서열),apartment.duckdb/v_sale_clean
주요중소도시,3단계 상대서열,읍면동,도시 내부,202301~202512,중소형,15,경상남도,진주시,진주시,집현면,419.85555725796013,424.5376531792223,47,3,3,1,하위권,,현재 DuckDB 재산출(도시 내부 3단계 상대서열),apartment.duckdb/v_sale_clean
주요중소도시,3단계 상대서열,읍면동,도시 내부,202301~202512,중소형,15,경상남도,창원시,창원시 성산구,용호동,3431.5949605398314,3502.429933057607,277,3,1,3,상위권,,현재 DuckDB 재산출(도시 내부 3단계 상대서열),apartment.duckdb/v_sale_clean
주요중소도시,3단계 상대서열,읍면동,도시 내부,202301~202512,중소형,15,경상남도,창원시,창원시 의창구,중동,3148.1929422999247,3144.507276394751,443,3,1,3,상위권,,현재 DuckDB 재산출(도시 내부 3단계 상대서열),apartment.duckdb/v_sale_clean
주요중소도시,3단계 상대서열,읍면동,도시 내부,202301~202512,중소형,15,경상남도,창원시,창원시 성산구,대원동,2507.2629341155475,2627.5360708245394,236,3,1,3,상위권,,현재 DuckDB 재산출(도시 내부 3단계 상대서열),apartment.duckdb/v_sale_clean
주요중소도시,3단계 상대서열,읍면동,도시 내부,202301~202512,중소형,15,경상남도,창원시,창원시 성산구,가음동,2521.5909132428874,2486.7461630476027,556,3,1,3,상위권,,현재 DuckDB 재산출(도시 내부 3단계 상대서열),apartment.duckdb/v_sale_clean
주요중소도시,3단계 상대서열,읍면동,도시 내부,202301~202512,중소형,15,경상남도,창원시,창원시 성산구,신월동,2371.8788072859265,2310.4361085028977,183,3,1,3,상위권,,현재 DuckDB 재산출(도시 내부 3단계 상대서열),apartment.duckdb/v_sale_clean
주요중소도시,3단계 상대서열,읍면동,도시 내부,202301~202512,중소형,15,경상남도,창원시,창원시 성산구,사파정동,2234.5642829635512,2219.077668210353,147,3,1,3,상위권,,현재 DuckDB 재산출(도시 내부 3단계 상대서열),apartment.duckdb/v_sale_clean
주요중소도시,3단계 상대서열,읍면동,도시 내부,202301~202512,중소형,15,경상남도,창원시,창원시 성산구,반림동,1945.4858291506628,2061.7393689132496,965,3,1,3,상위권,,현재 DuckDB 재산출(도시 내부 3단계 상대서열),apartment.duckdb/v_sale_clean
주요중소도시,3단계 상대서열,읍면동,도시 내부,202301~202512,중소형,15,경상남도,창원시,창원시 마산회원구,석전동,1494.065222982888,1938.148750172811,211,3,1,3,상위권,,현재 DuckDB 재산출(도시 내부 3단계 상대서열),apartment.duckdb/v_sale_clean
주요중소도시,3단계 상대서열,읍면동,도시 내부,202301~202512,중소형,15,경상남도,창원시,창원시 의창구,명서동,1899.1052909481818,1925.3602028046082,16,3,1,3,상위권,,현재 DuckDB 재산출(도시 내부 3단계 상대서열),apartment.duckdb/v_sale_clean
주요중소도시,3단계 상대서열,읍면동,도시 내부,202301~202512,중소형,15,경상남도,창원시,창원시 의창구,팔용동,1735.4458954693232,1908.7981130946325,445,3,1,3,상위권,,현재 DuckDB 재산출(도시 내부 3단계 상대서열),apartment.duckdb/v_sale_clean
주요중소도시,3단계 상대서열,읍면동,도시 내부,202301~202512,중소형,15,경상남도,창원시,창원시 성산구,사파동,1615.0614494427516,1854.8044348305748,94,3,1,3,상위권,,현재 DuckDB 재산출(도시 내부 3단계 상대서열),apartment.duckdb/v_sale_clean
주요중소도시,3단계 상대서열,읍면동,도시 내부,202301~202512,중소형,15,경상남도,창원시,창원시 마산회원구,합성동,1572.1250519183184,1769.6755935715582,171,3,1,3,상위권,,현재 DuckDB 재산출(도시 내부 3단계 상대서열),apartment.duckdb/v_sale_clean
주요중소도시,3단계 상대서열,읍면동,도시 내부,202301~202512,중소형,15,경상남도,창원시,창원시 마산합포구,교방동,1555.7936586154592,1663.9818821760314,285,3,1,3,상위권,,현재 DuckDB 재산출(도시 내부 3단계 상대서열),apartment.duckdb/v_sale_clean
주요중소도시,3단계 상대서열,읍면동,도시 내부,202301~202512,중소형,15,경상남도,창원시,창원시 성산구,성주동,1620.4305331300272,1628.0012792662683,260,3,1,3,상위권,,현재 DuckDB 재산출(도시 내부 3단계 상대서열),apartment.duckdb/v_sale_clean
주요중소도시,3단계 상대서열,읍면동,도시 내부,202301~202512,중소형,15,경상남도,창원시,창원시 의창구,봉림동,1612.0549246557057,1599.9501718681267,46,3,1,3,상위권,,현재 DuckDB 재산출(도시 내부 3단계 상대서열),apartment.duckdb/v_sale_clean
주요중소도시,3단계 상대서열,읍면동,도시 내부,202301~202512,중소형,15,경상남도,창원시,창원시 마산합포구,신포동1가,1414.2967198489437,1573.9990170824442,94,3,1,3,상위권,,현재 DuckDB 재산출(도시 내부 3단계 상대서열),apartment.duckdb/v_sale_clean
주요중소도시,3단계 상대서열,읍면동,도시 내부,202301~202512,중소형,15,경상남도,창원시,창원시 진해구,풍호동,1278.1680152257122,1521.2149892449538,414,3,1,3,상위권,,현재 DuckDB 재산출(도시 내부 3단계 상대서열),apartment.duckdb/v_sale_clean
주요중소도시,3단계 상대서열,읍면동,도시 내부,202301~202512,중소형,15,경상남도,창원시,창원시 성산구,상남동,1595.4500831880296,1420.8803229485798,587,3,1,3,상위권,,현재 DuckDB 재산출(도시 내부 3단계 상대서열),apartment.duckdb/v_sale_clean
주요중소도시,3단계 상대서열,읍면동,도시 내부,202301~202512,중소형,15,경상남도,창원시,창원시 마산합포구,월영동,1267.0013120492447,1420.440407937643,1045,3,1,3,상위권,,현재 DuckDB 재산출(도시 내부 3단계 상대서열),apartment.duckdb/v_sale_clean
주요중소도시,3단계 상대서열,읍면동,도시 내부,202301~202512,중소형,15,경상남도,창원시,창원시 마산회원구,양덕동,1508.8964144582994,1396.5685237088992,953,3,1,3,상위권,,현재 DuckDB 재산출(도시 내부 3단계 상대서열),apartment.duckdb/v_sale_clean
주요중소도시,3단계 상대서열,읍면동,도시 내부,202301~202512,중소형,15,경상남도,창원시,창원시 마산합포구,월남동5가,1377.8389412670751,1382.11253960907,28,3,1,3,상위권,,현재 DuckDB 재산출(도시 내부 3단계 상대서열),apartment.duckdb/v_sale_clean
주요중소도시,3단계 상대서열,읍면동,도시 내부,202301~202512,중소형,15,경상남도,창원시,창원시 마산합포구,교원동,1345.7057966082368,1355.6413329349662,56,3,1,3,상위권,,현재 DuckDB 재산출(도시 내부 3단계 상대서열),apartment.duckdb/v_sale_clean
주요중소도시,3단계 상대서열,읍면동,도시 내부,202301~202512,중소형,15,경상남도,창원시,창원시 의창구,서상동,1287.442706291824,1343.758091760683,87,3,1,3,상위권,,현재 DuckDB 재산출(도시 내부 3단계 상대서열),apartment.duckdb/v_sale_clean
주요중소도시,3단계 상대서열,읍면동,도시 내부,202301~202512,중소형,15,경상남도,창원시,창원시 마산합포구,산호동,1159.8229790829103,1299.2377943077413,255,3,1,3,상위권,,현재 DuckDB 재산출(도시 내부 3단계 상대서열),apartment.duckdb/v_sale_clean
주요중소도시,3단계 상대서열,읍면동,도시 내부,202301~202512,중소형,15,경상남도,창원시,창원시 의창구,동정동,1090.19847718638,1298.40930260626,50,3,2,2,중위권,,현재 DuckDB 재산출(도시 내부 3단계 상대서열),apartment.duckdb/v_sale_clean
주요중소도시,3단계 상대서열,읍면동,도시 내부,202301~202512,중소형,15,경상남도,창원시,창원시 진해구,석동,1239.8552971092217,1244.7578606688314,280,3,2,2,중위권,,현재 DuckDB 재산출(도시 내부 3단계 상대서열),apartment.duckdb/v_sale_clean
주요중소도시,3단계 상대서열,읍면동,도시 내부,202301~202512,중소형,15,경상남도,창원시,창원시 성산구,남산동,1043.6080417979824,1242.0839899335517,65,3,2,2,중위권,,현재 DuckDB 재산출(도시 내부 3단계 상대서열),apartment.duckdb/v_sale_clean
주요중소도시,3단계 상대서열,읍면동,도시 내부,202301~202512,중소형,15,경상남도,창원시,창원시 마산합포구,오동동,1163.8763874536737,1241.393905001863,123,3,2,2,중위권,,현재 DuckDB 재산출(도시 내부 3단계 상대서열),apartment.duckdb/v_sale_clean
주요중소도시,3단계 상대서열,읍면동,도시 내부,202301~202512,중소형,15,경상남도,창원시,창원시 진해구,자은동,1262.2466092851014,1234.6536410707533,320,3,2,2,중위권,,현재 DuckDB 재산출(도시 내부 3단계 상대서열),apartment.duckdb/v_sale_clean
주요중소도시,3단계 상대서열,읍면동,도시 내부,202301~202512,중소형,15,경상남도,창원시,창원시 마산합포구,월포동,1176.5280701203737,1221.2246510807545,87,3,2,2,중위권,,현재 DuckDB 재산출(도시 내부 3단계 상대서열),apartment.duckdb/v_sale_clean
주요중소도시,3단계 상대서열,읍면동,도시 내부,202301~202512,중소형,15,경상남도,창원시,창원시 진해구,장천동,1243.8859803042121,1203.3172653158704,219,3,2,2,중위권,,현재 DuckDB 재산출(도시 내부 3단계 상대서열),apartment.duckdb/v_sale_clean
주요중소도시,3단계 상대서열,읍면동,도시 내부,202301~202512,중소형,15,경상남도,창원시,창원시 성산구,대방동,1230.0580938632932,1194.2528042572974,223,3,2,2,중위권,,현재 DuckDB 재산출(도시 내부 3단계 상대서열),apartment.duckdb/v_sale_clean
주요중소도시,3단계 상대서열,읍면동,도시 내부,202301~202512,중소형,15,경상남도,창원시,창원시 진해구,안골동,1191.3040450430992,1194.077163347179,67,3,2,2,중위권,,현재 DuckDB 재산출(도시 내부 3단계 상대서열),apartment.duckdb/v_sale_clean
주요중소도시,3단계 상대서열,읍면동,도시 내부,202301~202512,중소형,15,경상남도,창원시,창원시 마산합포구,가포동,1083.2717801795536,1188.5644102927276,72,3,2,2,중위권,,현재 DuckDB 재산출(도시 내부 3단계 상대서열),apartment.duckdb/v_sale_clean
주요중소도시,3단계 상대서열,읍면동,도시 내부,202301~202512,중소형,15,경상남도,창원시,창원시 진해구,이동,979.3055712520552,1127.9755338217144,75,3,2,2,중위권,,현재 DuckDB 재산출(도시 내부 3단계 상대서열),apartment.duckdb/v_sale_clean
주요중소도시,3단계 상대서열,읍면동,도시 내부,202301~202512,중소형,15,경상남도,창원시,창원시 의창구,북면,1109.7868469572265,1125.2454569263923,1037,3,2,2,중위권,,현재 DuckDB 재산출(도시 내부 3단계 상대서열),apartment.duckdb/v_sale_clean
주요중소도시,3단계 상대서열,읍면동,도시 내부,202301~202512,중소형,15,경상남도,창원시,창원시 성산구,반지동,1089.6730307712992,1076.6205856747995,102,3,2,2,중위권,,현재 DuckDB 재산출(도시 내부 3단계 상대서열),apartment.duckdb/v_sale_clean
주요중소도시,3단계 상대서열,읍면동,도시 내부,202301~202512,중소형,15,경상남도,창원시,창원시 성산구,외동,950.1776674596057,1072.4847446892518,43,3,2,2,중위권,,현재 DuckDB 재산출(도시 내부 3단계 상대서열),apartment.duckdb/v_sale_clean
주요중소도시,3단계 상대서열,읍면동,도시 내부,202301~202512,중소형,15,경상남도,창원시,창원시 마산합포구,현동,1052.951413851681,1069.5250079011162,248,3,2,2,중위권,,현재 DuckDB 재산출(도시 내부 3단계 상대서열),apartment.duckdb/v_sale_clean
주요중소도시,3단계 상대서열,읍면동,도시 내부,202301~202512,중소형,15,경상남도,창원시,창원시 의창구,봉곡동,1080.9535234673992,1069.4910632856645,27,3,2,2,중위권,,현재 DuckDB 재산출(도시 내부 3단계 상대서열),apartment.duckdb/v_sale_clean
주요중소도시,3단계 상대서열,읍면동,도시 내부,202301~202512,중소형,15,경상남도,창원시,창원시 성산구,남양동,1081.4858016688831,1062.7406251094858,395,3,2,2,중위권,,현재 DuckDB 재산출(도시 내부 3단계 상대서열),apartment.duckdb/v_sale_clean
주요중소도시,3단계 상대서열,읍면동,도시 내부,202301~202512,중소형,15,경상남도,창원시,창원시 진해구,남문동,1045.2392384190453,1056.1100356454356,289,3,2,2,중위권,,현재 DuckDB 재산출(도시 내부 3단계 상대서열),apartment.duckdb/v_sale_clean
주요중소도시,3단계 상대서열,읍면동,도시 내부,202301~202512,중소형,15,경상남도,창원시,창원시 진해구,대죽동,1020.6145476324098,1036.6849527179916,20,3,2,2,중위권,,현재 DuckDB 재산출(도시 내부 3단계 상대서열),apartment.duckdb/v_sale_clean
주요중소도시,3단계 상대서열,읍면동,도시 내부,202301~202512,중소형,15,경상남도,창원시,창원시 마산합포구,두월동2가,863.5066105426652,964.9446413419586,17,3,2,2,중위권,,현재 DuckDB 재산출(도시 내부 3단계 상대서열),apartment.duckdb/v_sale_clean
주요중소도시,3단계 상대서열,읍면동,도시 내부,202301~202512,중소형,15,경상남도,창원시,창원시 진해구,부흥동,841.8913963185544,931.9425689127268,22,3,2,2,중위권,,현재 DuckDB 재산출(도시 내부 3단계 상대서열),apartment.duckdb/v_sale_clean
주요중소도시,3단계 상대서열,읍면동,도시 내부,202301~202512,중소형,15,경상남도,창원시,창원시 마산합포구,중앙동3가,920.1514444333003,925.5328820830528,21,3,2,2,중위권,,현재 DuckDB 재산출(도시 내부 3단계 상대서열),apartment.duckdb/v_sale_clean
주요중소도시,3단계 상대서열,읍면동,도시 내부,202301~202512,중소형,15,경상남도,창원시,창원시 마산합포구,중앙동2가,865.0922864669241,914.3202372392556,51,3,2,2,중위권,,현재 DuckDB 재산출(도시 내부 3단계 상대서열),apartment.duckdb/v_sale_clean
주요중소도시,3단계 상대서열,읍면동,도시 내부,202301~202512,중소형,15,경상남도,창원시,창원시 진해구,경화동,1022.5476090216108,907.080053447705,254,3,3,1,하위권,,현재 DuckDB 재산출(도시 내부 3단계 상대서열),apartment.duckdb/v_sale_clean
주요중소도시,3단계 상대서열,읍면동,도시 내부,202301~202512,중소형,15,경상남도,창원시,창원시 마산합포구,창포동1가,860.198620937917,895.3492445977353,24,3,3,1,하위권,,현재 DuckDB 재산출(도시 내부 3단계 상대서열),apartment.duckdb/v_sale_clean
주요중소도시,3단계 상대서열,읍면동,도시 내부,202301~202512,중소형,15,경상남도,창원시,창원시 진해구,용원동,820.9925570238432,838.9762943931137,224,3,3,1,하위권,,현재 DuckDB 재산출(도시 내부 3단계 상대서열),apartment.duckdb/v_sale_clean
주요중소도시,3단계 상대서열,읍면동,도시 내부,202301~202512,중소형,15,경상남도,창원시,창원시 마산회원구,회원동,1011.6743132147446,820.701999495787,124,3,3,1,하위권,,현재 DuckDB 재산출(도시 내부 3단계 상대서열),apartment.duckdb/v_sale_clean
주요중소도시,3단계 상대서열,읍면동,도시 내부,202301~202512,중소형,15,경상남도,창원시,창원시 성산구,안민동,827.8807007335643,816.7233835683033,119,3,3,1,하위권,,현재 DuckDB 재산출(도시 내부 3단계 상대서열),apartment.duckdb/v_sale_clean
주요중소도시,3단계 상대서열,읍면동,도시 내부,202301~202512,중소형,15,경상남도,창원시,창원시 마산회원구,구암동,805.0260291083556,815.8814850402192,96,3,3,1,하위권,,현재 DuckDB 재산출(도시 내부 3단계 상대서열),apartment.duckdb/v_sale_clean
주요중소도시,3단계 상대서열,읍면동,도시 내부,202301~202512,중소형,15,경상남도,창원시,창원시 성산구,천선동,792.4627205960542,794.8415871950086,31,3,3,1,하위권,,현재 DuckDB 재산출(도시 내부 3단계 상대서열),apartment.duckdb/v_sale_clean
주요중소도시,3단계 상대서열,읍면동,도시 내부,202301~202512,중소형,15,경상남도,창원시,창원시 성산구,내동,885.0773740098111,781.0750119171371,79,3,3,1,하위권,,현재 DuckDB 재산출(도시 내부 3단계 상대서열),apartment.duckdb/v_sale_clean
주요중소도시,3단계 상대서열,읍면동,도시 내부,202301~202512,중소형,15,경상남도,창원시,창원시 마산회원구,내서읍,773.8747486498999,779.5351331128039,759,3,3,1,하위권,,현재 DuckDB 재산출(도시 내부 3단계 상대서열),apartment.duckdb/v_sale_clean
주요중소도시,3단계 상대서열,읍면동,도시 내부,202301~202512,중소형,15,경상남도,창원시,창원시 진해구,남양동,789.9538154424487,776.9015431379545,69,3,3,1,하위권,,현재 DuckDB 재산출(도시 내부 3단계 상대서열),apartment.duckdb/v_sale_clean
주요중소도시,3단계 상대서열,읍면동,도시 내부,202301~202512,중소형,15,경상남도,창원시,창원시 마산합포구,해운동,757.0529143358186,753.0301314972435,126,3,3,1,하위권,,현재 DuckDB 재산출(도시 내부 3단계 상대서열),apartment.duckdb/v_sale_clean
주요중소도시,3단계 상대서열,읍면동,도시 내부,202301~202512,중소형,15,경상남도,창원시,창원시 마산합포구,진동면,684.3433332810157,739.0584561948733,156,3,3,1,하위권,,현재 DuckDB 재산출(도시 내부 3단계 상대서열),apartment.duckdb/v_sale_clean
주요중소도시,3단계 상대서열,읍면동,도시 내부,202301~202512,중소형,15,경상남도,창원시,창원시 진해구,마천동,590.0407821839403,673.2771833153809,26,3,3,1,하위권,,현재 DuckDB 재산출(도시 내부 3단계 상대서열),apartment.duckdb/v_sale_clean
주요중소도시,3단계 상대서열,읍면동,도시 내부,202301~202512,중소형,15,경상남도,창원시,창원시 마산합포구,신포동2가,697.3268537526833,672.5572660752857,22,3,3,1,하위권,,현재 DuckDB 재산출(도시 내부 3단계 상대서열),apartment.duckdb/v_sale_clean
주요중소도시,3단계 상대서열,읍면동,도시 내부,202301~202512,중소형,15,경상남도,창원시,창원시 진해구,여좌동,747.9725057186853,668.0188803693557,26,3,3,1,하위권,,현재 DuckDB 재산출(도시 내부 3단계 상대서열),apartment.duckdb/v_sale_clean
주요중소도시,3단계 상대서열,읍면동,도시 내부,202301~202512,중소형,15,경상남도,창원시,창원시 의창구,도계동,702.5290344150862,661.8422261569391,179,3,3,1,하위권,,현재 DuckDB 재산출(도시 내부 3단계 상대서열),apartment.duckdb/v_sale_clean
주요중소도시,3단계 상대서열,읍면동,도시 내부,202301~202512,중소형,15,경상남도,창원시,창원시 진해구,청안동,648.8462107582261,651.7883935320878,82,3,3,1,하위권,,현재 DuckDB 재산출(도시 내부 3단계 상대서열),apartment.duckdb/v_sale_clean
주요중소도시,3단계 상대서열,읍면동,도시 내부,202301~202512,중소형,15,경상남도,창원시,창원시 성산구,신촌동,691.3939594559315,595.5467469611938,98,3,3,1,하위권,,현재 DuckDB 재산출(도시 내부 3단계 상대서열),apartment.duckdb/v_sale_clean
주요중소도시,3단계 상대서열,읍면동,도시 내부,202301~202512,중소형,15,경상남도,창원시,창원시 의창구,소답동,520.979571149348,528.2682193839219,65,3,3,1,하위권,,현재 DuckDB 재산출(도시 내부 3단계 상대서열),apartment.duckdb/v_sale_clean
주요중소도시,3단계 상대서열,읍면동,도시 내부,202301~202512,중소형,15,경상남도,창원시,창원시 마산합포구,완월동,554.5816917436388,522.6693075221152,80,3,3,1,하위권,,현재 DuckDB 재산출(도시 내부 3단계 상대서열),apartment.duckdb/v_sale_clean
주요중소도시,3단계 상대서열,읍면동,도시 내부,202301~202512,중소형,15,경상남도,창원시,창원시 진해구,두동,469.0438214348804,490.03979531504456,30,3,3,1,하위권,,현재 DuckDB 재산출(도시 내부 3단계 상대서열),apartment.duckdb/v_sale_clean
주요중소도시,3단계 상대서열,읍면동,도시 내부,202301~202512,중소형,15,경상남도,창원시,창원시 마산합포구,자산동,465.3886046248119,487.4638911122659,55,3,3,1,하위권,,현재 DuckDB 재산출(도시 내부 3단계 상대서열),apartment.duckdb/v_sale_clean
주요중소도시,3단계 상대서열,읍면동,도시 내부,202301~202512,중소형,15,경상남도,창원시,창원시 의창구,동읍,441.9768929444222,466.97376677578933,187,3,3,1,하위권,,현재 DuckDB 재산출(도시 내부 3단계 상대서열),apartment.duckdb/v_sale_clean
주요중소도시,3단계 상대서열,읍면동,도시 내부,202301~202512,중소형,15,경상북도,경산시,경산시,계양동,1784.7683972179377,1748.7217340698605,48,3,1,3,상위권,,현재 DuckDB 재산출(도시 내부 3단계 상대서열),apartment.duckdb/v_sale_clean
주요중소도시,3단계 상대서열,읍면동,도시 내부,202301~202512,중소형,15,경상북도,경산시,경산시,중산동,1753.3904125578074,1737.877931199119,1091,3,1,3,상위권,,현재 DuckDB 재산출(도시 내부 3단계 상대서열),apartment.duckdb/v_sale_clean
주요중소도시,3단계 상대서열,읍면동,도시 내부,202301~202512,중소형,15,경상북도,경산시,경산시,중방동,1243.0717468054918,1381.7571018351337,140,3,1,3,상위권,,현재 DuckDB 재산출(도시 내부 3단계 상대서열),apartment.duckdb/v_sale_clean
주요중소도시,3단계 상대서열,읍면동,도시 내부,202301~202512,중소형,15,경상북도,경산시,경산시,하양읍,1057.230409323989,1230.8060610716866,384,3,1,3,상위권,,현재 DuckDB 재산출(도시 내부 3단계 상대서열),apartment.duckdb/v_sale_clean
주요중소도시,3단계 상대서열,읍면동,도시 내부,202301~202512,중소형,15,경상북도,경산시,경산시,상방동,952.6206890319318,1108.8706169749717,30,3,1,3,상위권,,현재 DuckDB 재산출(도시 내부 3단계 상대서열),apartment.duckdb/v_sale_clean
주요중소도시,3단계 상대서열,읍면동,도시 내부,202301~202512,중소형,15,경상북도,경산시,경산시,대평동,1023.2742719776192,1043.0185813954868,99,3,1,3,상위권,,현재 DuckDB 재산출(도시 내부 3단계 상대서열),apartment.duckdb/v_sale_clean
주요중소도시,3단계 상대서열,읍면동,도시 내부,202301~202512,중소형,15,경상북도,경산시,경산시,압량읍,1042.812065990589,1031.0880839095591,365,3,2,2,중위권,,현재 DuckDB 재산출(도시 내부 3단계 상대서열),apartment.duckdb/v_sale_clean
주요중소도시,3단계 상대서열,읍면동,도시 내부,202301~202512,중소형,15,경상북도,경산시,경산시,정평동,1096.059280311201,991.8522256872224,317,3,2,2,중위권,,현재 DuckDB 재산출(도시 내부 3단계 상대서열),apartment.duckdb/v_sale_clean
주요중소도시,3단계 상대서열,읍면동,도시 내부,202301~202512,중소형,15,경상북도,경산시,경산시,백천동,879.657368801866,909.4115963380389,288,3,2,2,중위권,,현재 DuckDB 재산출(도시 내부 3단계 상대서열),apartment.duckdb/v_sale_clean
주요중소도시,3단계 상대서열,읍면동,도시 내부,202301~202512,중소형,15,경상북도,경산시,경산시,사동,840.0431168542433,904.4028929339556,325,3,2,2,중위권,,현재 DuckDB 재산출(도시 내부 3단계 상대서열),apartment.duckdb/v_sale_clean
주요중소도시,3단계 상대서열,읍면동,도시 내부,202301~202512,중소형,15,경상북도,경산시,경산시,사정동,792.5202030929913,883.4055048713539,25,3,2,2,중위권,,현재 DuckDB 재산출(도시 내부 3단계 상대서열),apartment.duckdb/v_sale_clean
주요중소도시,3단계 상대서열,읍면동,도시 내부,202301~202512,중소형,15,경상북도,경산시,경산시,삼풍동,804.2984818532385,810.1973235581527,35,3,3,1,하위권,,현재 DuckDB 재산출(도시 내부 3단계 상대서열),apartment.duckdb/v_sale_clean
주요중소도시,3단계 상대서열,읍면동,도시 내부,202301~202512,중소형,15,경상북도,경산시,경산시,진량읍,821.8718018233941,804.0381194754088,176,3,3,1,하위권,,현재 DuckDB 재산출(도시 내부 3단계 상대서열),apartment.duckdb/v_sale_clean
주요중소도시,3단계 상대서열,읍면동,도시 내부,202301~202512,중소형,15,경상북도,경산시,경산시,옥곡동,756.2881193773867,764.8011813289003,187,3,3,1,하위권,,현재 DuckDB 재산출(도시 내부 3단계 상대서열),apartment.duckdb/v_sale_clean
주요중소도시,3단계 상대서열,읍면동,도시 내부,202301~202512,중소형,15,경상북도,경산시,경산시,조영동,643.1847798119851,641.0696544265165,16,3,3,1,하위권,,현재 DuckDB 재산출(도시 내부 3단계 상대서열),apartment.duckdb/v_sale_clean
주요중소도시,3단계 상대서열,읍면동,도시 내부,202301~202512,중소형,15,경상북도,경산시,경산시,옥산동,655.6846197788674,637.8971176968803,95,3,3,1,하위권,,현재 DuckDB 재산출(도시 내부 3단계 상대서열),apartment.duckdb/v_sale_clean
주요중소도시,3단계 상대서열,읍면동,도시 내부,202301~202512,중소형,15,경상북도,경주시,경주시,용강동,1288.3968590488287,1424.1892317500906,927,3,1,3,상위권,,현재 DuckDB 재산출(도시 내부 3단계 상대서열),apartment.duckdb/v_sale_clean
주요중소도시,3단계 상대서열,읍면동,도시 내부,202301~202512,중소형,15,경상북도,경주시,경주시,건천읍,1036.73844779448,1318.9503360079636,71,3,1,3,상위권,,현재 DuckDB 재산출(도시 내부 3단계 상대서열),apartment.duckdb/v_sale_clean
주요중소도시,3단계 상대서열,읍면동,도시 내부,202301~202512,중소형,15,경상북도,경주시,경주시,진현동,1194.1151788318025,1200.2319774129178,22,3,1,3,상위권,,현재 DuckDB 재산출(도시 내부 3단계 상대서열),apartment.duckdb/v_sale_clean
주요중소도시,3단계 상대서열,읍면동,도시 내부,202301~202512,중소형,15,경상북도,경주시,경주시,현곡면,1038.5869618524714,1129.5504267582708,473,3,1,3,상위권,,현재 DuckDB 재산출(도시 내부 3단계 상대서열),apartment.duckdb/v_sale_clean
주요중소도시,3단계 상대서열,읍면동,도시 내부,202301~202512,중소형,15,경상북도,경주시,경주시,천북면,727.2985896844817,952.2527572428991,17,3,1,3,상위권,,현재 DuckDB 재산출(도시 내부 3단계 상대서열),apartment.duckdb/v_sale_clean
주요중소도시,3단계 상대서열,읍면동,도시 내부,202301~202512,중소형,15,경상북도,경주시,경주시,노서동,729.1110146822994,732.0738592704583,16,3,2,2,중위권,,현재 DuckDB 재산출(도시 내부 3단계 상대서열),apartment.duckdb/v_sale_clean
주요중소도시,3단계 상대서열,읍면동,도시 내부,202301~202512,중소형,15,경상북도,경주시,경주시,충효동,739.8936549944088,729.5918260909356,171,3,2,2,중위권,,현재 DuckDB 재산출(도시 내부 3단계 상대서열),apartment.duckdb/v_sale_clean
주요중소도시,3단계 상대서열,읍면동,도시 내부,202301~202512,중소형,15,경상북도,경주시,경주시,도지동,696.6395438396206,692.284142231216,56,3,2,2,중위권,,현재 DuckDB 재산출(도시 내부 3단계 상대서열),apartment.duckdb/v_sale_clean
주요중소도시,3단계 상대서열,읍면동,도시 내부,202301~202512,중소형,15,경상북도,경주시,경주시,황성동,798.16981380984,682.0276219581635,582,3,2,2,중위권,,현재 DuckDB 재산출(도시 내부 3단계 상대서열),apartment.duckdb/v_sale_clean
주요중소도시,3단계 상대서열,읍면동,도시 내부,202301~202512,중소형,15,경상북도,경주시,경주시,동천동,617.3489033524052,677.7734050461324,161,3,3,1,하위권,,현재 DuckDB 재산출(도시 내부 3단계 상대서열),apartment.duckdb/v_sale_clean
주요중소도시,3단계 상대서열,읍면동,도시 내부,202301~202512,중소형,15,경상북도,경주시,경주시,성건동,610.3460135777489,642.0133538777607,31,3,3,1,하위권,,현재 DuckDB 재산출(도시 내부 3단계 상대서열),apartment.duckdb/v_sale_clean
주요중소도시,3단계 상대서열,읍면동,도시 내부,202301~202512,중소형,15,경상북도,경주시,경주시,안강읍,436.64370854001197,369.70932577180474,85,3,3,1,하위권,,현재 DuckDB 재산출(도시 내부 3단계 상대서열),apartment.duckdb/v_sale_clean
주요중소도시,3단계 상대서열,읍면동,도시 내부,202301~202512,중소형,15,경상북도,경주시,경주시,외동읍,462.8840093447867,319.99822802672884,68,3,3,1,하위권,,현재 DuckDB 재산출(도시 내부 3단계 상대서열),apartment.duckdb/v_sale_clean
주요중소도시,3단계 상대서열,읍면동,도시 내부,202301~202512,중소형,15,경상북도,구미시,구미시,원평동,1477.7651016859788,1387.3174231350577,126,3,1,3,상위권,,현재 DuckDB 재산출(도시 내부 3단계 상대서열),apartment.duckdb/v_sale_clean
주요중소도시,3단계 상대서열,읍면동,도시 내부,202301~202512,중소형,15,경상북도,구미시,구미시,사곡동,1146.5810779329238,1339.0864356229476,254,3,1,3,상위권,,현재 DuckDB 재산출(도시 내부 3단계 상대서열),apartment.duckdb/v_sale_clean
주요중소도시,3단계 상대서열,읍면동,도시 내부,202301~202512,중소형,15,경상북도,구미시,구미시,도량동,1092.5106767002958,1322.38561398471,444,3,1,3,상위권,,현재 DuckDB 재산출(도시 내부 3단계 상대서열),apartment.duckdb/v_sale_clean
주요중소도시,3단계 상대서열,읍면동,도시 내부,202301~202512,중소형,15,경상북도,구미시,구미시,산동읍,1239.7280644368936,1202.0004204472991,882,3,1,3,상위권,,현재 DuckDB 재산출(도시 내부 3단계 상대서열),apartment.duckdb/v_sale_clean
주요중소도시,3단계 상대서열,읍면동,도시 내부,202301~202512,중소형,15,경상북도,구미시,구미시,고아읍,1095.2323258369715,1114.8709957087972,841,3,1,3,상위권,,현재 DuckDB 재산출(도시 내부 3단계 상대서열),apartment.duckdb/v_sale_clean
주요중소도시,3단계 상대서열,읍면동,도시 내부,202301~202512,중소형,15,경상북도,구미시,구미시,비산동,979.6701591916628,1105.8907044744165,229,3,1,3,상위권,,현재 DuckDB 재산출(도시 내부 3단계 상대서열),apartment.duckdb/v_sale_clean
주요중소도시,3단계 상대서열,읍면동,도시 내부,202301~202512,중소형,15,경상북도,구미시,구미시,송정동,928.4557829759985,992.7797078475128,395,3,1,3,상위권,,현재 DuckDB 재산출(도시 내부 3단계 상대서열),apartment.duckdb/v_sale_clean
주요중소도시,3단계 상대서열,읍면동,도시 내부,202301~202512,중소형,15,경상북도,구미시,구미시,옥계동,964.3876127756951,972.7154483982821,1132,3,2,2,중위권,,현재 DuckDB 재산출(도시 내부 3단계 상대서열),apartment.duckdb/v_sale_clean
주요중소도시,3단계 상대서열,읍면동,도시 내부,202301~202512,중소형,15,경상북도,구미시,구미시,공단동,876.1081190943255,915.797960044456,523,3,2,2,중위권,,현재 DuckDB 재산출(도시 내부 3단계 상대서열),apartment.duckdb/v_sale_clean
주요중소도시,3단계 상대서열,읍면동,도시 내부,202301~202512,중소형,15,경상북도,구미시,구미시,임은동,863.1647295842199,911.4034980951569,155,3,2,2,중위권,,현재 DuckDB 재산출(도시 내부 3단계 상대서열),apartment.duckdb/v_sale_clean
주요중소도시,3단계 상대서열,읍면동,도시 내부,202301~202512,중소형,15,경상북도,구미시,구미시,상모동,905.1483942092501,895.0943826968263,300,3,2,2,중위권,,현재 DuckDB 재산출(도시 내부 3단계 상대서열),apartment.duckdb/v_sale_clean
주요중소도시,3단계 상대서열,읍면동,도시 내부,202301~202512,중소형,15,경상북도,구미시,구미시,남통동,816.6574719553818,818.0707942883076,129,3,2,2,중위권,,현재 DuckDB 재산출(도시 내부 3단계 상대서열),apartment.duckdb/v_sale_clean
주요중소도시,3단계 상대서열,읍면동,도시 내부,202301~202512,중소형,15,경상북도,구미시,구미시,봉곡동,842.3062363744361,803.8275338074859,488,3,2,2,중위권,,현재 DuckDB 재산출(도시 내부 3단계 상대서열),apartment.duckdb/v_sale_clean
주요중소도시,3단계 상대서열,읍면동,도시 내부,202301~202512,중소형,15,경상북도,구미시,구미시,광평동,733.5206074170723,738.9662853438581,48,3,2,2,중위권,,현재 DuckDB 재산출(도시 내부 3단계 상대서열),apartment.duckdb/v_sale_clean
주요중소도시,3단계 상대서열,읍면동,도시 내부,202301~202512,중소형,15,경상북도,구미시,구미시,선산읍,583.3272555676175,733.9699597971362,120,3,3,1,하위권,,현재 DuckDB 재산출(도시 내부 3단계 상대서열),apartment.duckdb/v_sale_clean
주요중소도시,3단계 상대서열,읍면동,도시 내부,202301~202512,중소형,15,경상북도,구미시,구미시,인의동,702.4738863691988,657.7161517988918,160,3,3,1,하위권,,현재 DuckDB 재산출(도시 내부 3단계 상대서열),apartment.duckdb/v_sale_clean
주요중소도시,3단계 상대서열,읍면동,도시 내부,202301~202512,중소형,15,경상북도,구미시,구미시,구평동,641.6561484691214,645.2009600386108,401,3,3,1,하위권,,현재 DuckDB 재산출(도시 내부 3단계 상대서열),apartment.duckdb/v_sale_clean
주요중소도시,3단계 상대서열,읍면동,도시 내부,202301~202512,중소형,15,경상북도,구미시,구미시,형곡동,630.3047824798421,479.7776640093615,393,3,3,1,하위권,,현재 DuckDB 재산출(도시 내부 3단계 상대서열),apartment.duckdb/v_sale_clean
주요중소도시,3단계 상대서열,읍면동,도시 내부,202301~202512,중소형,15,경상북도,구미시,구미시,오태동,416.44906897132455,390.0502134867531,59,3,3,1,하위권,,현재 DuckDB 재산출(도시 내부 3단계 상대서열),apartment.duckdb/v_sale_clean
주요중소도시,3단계 상대서열,읍면동,도시 내부,202301~202512,중소형,15,경상북도,구미시,구미시,황상동,395.914891614313,350.3128001377897,58,3,3,1,하위권,,현재 DuckDB 재산출(도시 내부 3단계 상대서열),apartment.duckdb/v_sale_clean
주요중소도시,3단계 상대서열,읍면동,도시 내부,202301~202512,중소형,15,경상북도,포항시,포항시 남구,지곡동,1488.68472254048,1439.225867634397,470,3,1,3,상위권,,현재 DuckDB 재산출(도시 내부 3단계 상대서열),apartment.duckdb/v_sale_clean
주요중소도시,3단계 상대서열,읍면동,도시 내부,202301~202512,중소형,15,경상북도,포항시,포항시 남구,효자동,1409.2668715070658,1405.056251036717,265,3,1,3,상위권,,현재 DuckDB 재산출(도시 내부 3단계 상대서열),apartment.duckdb/v_sale_clean
주요중소도시,3단계 상대서열,읍면동,도시 내부,202301~202512,중소형,15,경상북도,포항시,포항시 남구,상도동,1152.2417040357514,1273.0879809885528,98,3,1,3,상위권,,현재 DuckDB 재산출(도시 내부 3단계 상대서열),apartment.duckdb/v_sale_clean
주요중소도시,3단계 상대서열,읍면동,도시 내부,202301~202512,중소형,15,경상북도,포항시,포항시 남구,대잠동,1263.583694539853,1181.5469621974287,544,3,1,3,상위권,,현재 DuckDB 재산출(도시 내부 3단계 상대서열),apartment.duckdb/v_sale_clean
주요중소도시,3단계 상대서열,읍면동,도시 내부,202301~202512,중소형,15,경상북도,포항시,포항시 북구,창포동,1132.3708096735907,1151.4607010853883,255,3,1,3,상위권,,현재 DuckDB 재산출(도시 내부 3단계 상대서열),apartment.duckdb/v_sale_clean
주요중소도시,3단계 상대서열,읍면동,도시 내부,202301~202512,중소형,15,경상북도,포항시,포항시 북구,학산동,1013.7264771961782,1097.6752075983102,84,3,1,3,상위권,,현재 DuckDB 재산출(도시 내부 3단계 상대서열),apartment.duckdb/v_sale_clean
주요중소도시,3단계 상대서열,읍면동,도시 내부,202301~202512,중소형,15,경상북도,포항시,포항시 북구,두호동,1058.4554608092415,1008.4786185011048,719,3,1,3,상위권,,현재 DuckDB 재산출(도시 내부 3단계 상대서열),apartment.duckdb/v_sale_clean
주요중소도시,3단계 상대서열,읍면동,도시 내부,202301~202512,중소형,15,경상북도,포항시,포항시 북구,양덕동,990.223625814336,1003.633259375352,757,3,1,3,상위권,,현재 DuckDB 재산출(도시 내부 3단계 상대서열),apartment.duckdb/v_sale_clean
주요중소도시,3단계 상대서열,읍면동,도시 내부,202301~202512,중소형,15,경상북도,포항시,포항시 남구,이동,961.2796313754749,980.069213304568,64,3,1,3,상위권,,현재 DuckDB 재산출(도시 내부 3단계 상대서열),apartment.duckdb/v_sale_clean
주요중소도시,3단계 상대서열,읍면동,도시 내부,202301~202512,중소형,15,경상북도,포항시,포항시 북구,흥해읍,900.4117462384322,968.6820709874146,888,3,2,2,중위권,,현재 DuckDB 재산출(도시 내부 3단계 상대서열),apartment.duckdb/v_sale_clean
주요중소도시,3단계 상대서열,읍면동,도시 내부,202301~202512,중소형,15,경상북도,포항시,포항시 남구,오천읍,871.8999463614753,940.5937084206771,665,3,2,2,중위권,,현재 DuckDB 재산출(도시 내부 3단계 상대서열),apartment.duckdb/v_sale_clean
주요중소도시,3단계 상대서열,읍면동,도시 내부,202301~202512,중소형,15,경상북도,포항시,포항시 북구,득량동,985.3321013912725,902.3910445468063,133,3,2,2,중위권,,현재 DuckDB 재산출(도시 내부 3단계 상대서열),apartment.duckdb/v_sale_clean
주요중소도시,3단계 상대서열,읍면동,도시 내부,202301~202512,중소형,15,경상북도,포항시,포항시 북구,우현동,904.9048291253058,897.4207218213836,380,3,2,2,중위권,,현재 DuckDB 재산출(도시 내부 3단계 상대서열),apartment.duckdb/v_sale_clean
주요중소도시,3단계 상대서열,읍면동,도시 내부,202301~202512,중소형,15,경상북도,포항시,포항시 북구,장성동,902.4553241231989,836.5628550528397,721,3,2,2,중위권,,현재 DuckDB 재산출(도시 내부 3단계 상대서열),apartment.duckdb/v_sale_clean
주요중소도시,3단계 상대서열,읍면동,도시 내부,202301~202512,중소형,15,경상북도,포항시,포항시 북구,환호동,774.3851934543507,766.7836227079955,91,3,2,2,중위권,,현재 DuckDB 재산출(도시 내부 3단계 상대서열),apartment.duckdb/v_sale_clean
주요중소도시,3단계 상대서열,읍면동,도시 내부,202301~202512,중소형,15,경상북도,포항시,포항시 남구,송도동,722.9022551716804,752.1066792966212,46,3,2,2,중위권,,현재 DuckDB 재산출(도시 내부 3단계 상대서열),apartment.duckdb/v_sale_clean
주요중소도시,3단계 상대서열,읍면동,도시 내부,202301~202512,중소형,15,경상북도,포항시,포항시 북구,죽도동,667.9624037472897,707.2668972324009,81,3,2,2,중위권,,현재 DuckDB 재산출(도시 내부 3단계 상대서열),apartment.duckdb/v_sale_clean
주요중소도시,3단계 상대서열,읍면동,도시 내부,202301~202512,중소형,15,경상북도,포항시,포항시 북구,항구동,692.7651031805169,700.873171159069,35,3,3,1,하위권,,현재 DuckDB 재산출(도시 내부 3단계 상대서열),apartment.duckdb/v_sale_clean
주요중소도시,3단계 상대서열,읍면동,도시 내부,202301~202512,중소형,15,경상북도,포항시,포항시 남구,연일읍,679.7204611229774,673.7558701101889,457,3,3,1,하위권,,현재 DuckDB 재산출(도시 내부 3단계 상대서열),apartment.duckdb/v_sale_clean
주요중소도시,3단계 상대서열,읍면동,도시 내부,202301~202512,중소형,15,경상북도,포항시,포항시 북구,학잠동,612.001349598378,622.4851357358018,91,3,3,1,하위권,,현재 DuckDB 재산출(도시 내부 3단계 상대서열),apartment.duckdb/v_sale_clean
주요중소도시,3단계 상대서열,읍면동,도시 내부,202301~202512,중소형,15,경상북도,포항시,포항시 북구,용흥동,591.9142419861502,504.5346447122703,422,3,3,1,하위권,,현재 DuckDB 재산출(도시 내부 3단계 상대서열),apartment.duckdb/v_sale_clean
주요중소도시,3단계 상대서열,읍면동,도시 내부,202301~202512,중소형,15,경상북도,포항시,포항시 남구,해도동,470.81744520365885,469.1267763633336,38,3,3,1,하위권,,현재 DuckDB 재산출(도시 내부 3단계 상대서열),apartment.duckdb/v_sale_clean
주요중소도시,3단계 상대서열,읍면동,도시 내부,202301~202512,중소형,15,경상북도,포항시,포항시 남구,인덕동,416.00164354766633,428.0089025851738,24,3,3,1,하위권,,현재 DuckDB 재산출(도시 내부 3단계 상대서열),apartment.duckdb/v_sale_clean
주요중소도시,3단계 상대서열,읍면동,도시 내부,202301~202512,중소형,15,경상북도,포항시,포항시 남구,대도동,430.45990834830764,385.64226912360255,50,3,3,1,하위권,,현재 DuckDB 재산출(도시 내부 3단계 상대서열),apartment.duckdb/v_sale_clean
주요중소도시,3단계 상대서열,읍면동,도시 내부,202301~202512,중소형,15,경상북도,포항시,포항시 남구,동해면,454.62100854371033,290.41226254608904,95,3,3,1,하위권,,현재 DuckDB 재산출(도시 내부 3단계 상대서열),apartment.duckdb/v_sale_clean
주요중소도시,3단계 상대서열,읍면동,도시 내부,202301~202512,중소형,15,세종특별자치시,세종시,세종시,나성동,3514.263544582499,3456.1635871349067,233,3,1,3,상위권,,현재 DuckDB 재산출(도시 내부 3단계 상대서열),apartment.duckdb/v_sale_clean
주요중소도시,3단계 상대서열,읍면동,도시 내부,202301~202512,중소형,15,세종특별자치시,세종시,세종시,어진동,2864.8982926938356,2880.231107216404,140,3,1,3,상위권,,현재 DuckDB 재산출(도시 내부 3단계 상대서열),apartment.duckdb/v_sale_clean
주요중소도시,3단계 상대서열,읍면동,도시 내부,202301~202512,중소형,15,세종특별자치시,세종시,세종시,새롬동,2698.9748037516842,2646.6831708120667,545,3,1,3,상위권,,현재 DuckDB 재산출(도시 내부 3단계 상대서열),apartment.duckdb/v_sale_clean
주요중소도시,3단계 상대서열,읍면동,도시 내부,202301~202512,중소형,15,세종특별자치시,세종시,세종시,산울동,2647.9226379205807,2637.1156442811316,16,3,1,3,상위권,,현재 DuckDB 재산출(도시 내부 3단계 상대서열),apartment.duckdb/v_sale_clean
주요중소도시,3단계 상대서열,읍면동,도시 내부,202301~202512,중소형,15,세종특별자치시,세종시,세종시,해밀동,2574.1219968173364,2577.155295817262,140,3,1,3,상위권,,현재 DuckDB 재산출(도시 내부 3단계 상대서열),apartment.duckdb/v_sale_clean
주요중소도시,3단계 상대서열,읍면동,도시 내부,202301~202512,중소형,15,세종특별자치시,세종시,세종시,다정동,2515.1613424876628,2487.7740503998293,678,3,1,3,상위권,,현재 DuckDB 재산출(도시 내부 3단계 상대서열),apartment.duckdb/v_sale_clean
주요중소도시,3단계 상대서열,읍면동,도시 내부,202301~202512,중소형,15,세종특별자치시,세종시,세종시,보람동,2506.2640602634074,2479.7252051833925,331,3,2,2,중위권,,현재 DuckDB 재산출(도시 내부 3단계 상대서열),apartment.duckdb/v_sale_clean
주요중소도시,3단계 상대서열,읍면동,도시 내부,202301~202512,중소형,15,세종특별자치시,세종시,세종시,반곡동,2425.2536717572243,2454.212382864923,319,3,2,2,중위권,,현재 DuckDB 재산출(도시 내부 3단계 상대서열),apartment.duckdb/v_sale_clean
주요중소도시,3단계 상대서열,읍면동,도시 내부,202301~202512,중소형,15,세종특별자치시,세종시,세종시,소담동,2398.9553183606195,2372.6186505503892,421,3,2,2,중위권,,현재 DuckDB 재산출(도시 내부 3단계 상대서열),apartment.duckdb/v_sale_clean
주요중소도시,3단계 상대서열,읍면동,도시 내부,202301~202512,중소형,15,세종특별자치시,세종시,세종시,대평동,2366.224616436839,2345.3946387079027,133,3,2,2,중위권,,현재 DuckDB 재산출(도시 내부 3단계 상대서열),apartment.duckdb/v_sale_clean
주요중소도시,3단계 상대서열,읍면동,도시 내부,202301~202512,중소형,15,세종특별자치시,세종시,세종시,도담동,2328.60344549214,2334.0912613928085,439,3,2,2,중위권,,현재 DuckDB 재산출(도시 내부 3단계 상대서열),apartment.duckdb/v_sale_clean
주요중소도시,3단계 상대서열,읍면동,도시 내부,202301~202512,중소형,15,세종특별자치시,세종시,세종시,집현동,2282.8254285718035,2285.6336014613935,163,3,2,2,중위권,,현재 DuckDB 재산출(도시 내부 3단계 상대서열),apartment.duckdb/v_sale_clean
주요중소도시,3단계 상대서열,읍면동,도시 내부,202301~202512,중소형,15,세종특별자치시,세종시,세종시,종촌동,1944.7530151931428,1971.8430573016617,725,3,3,1,하위권,,현재 DuckDB 재산출(도시 내부 3단계 상대서열),apartment.duckdb/v_sale_clean
주요중소도시,3단계 상대서열,읍면동,도시 내부,202301~202512,중소형,15,세종특별자치시,세종시,세종시,한솔동,1973.5935635571352,1965.1558221180253,295,3,3,1,하위권,,현재 DuckDB 재산출(도시 내부 3단계 상대서열),apartment.duckdb/v_sale_clean
주요중소도시,3단계 상대서열,읍면동,도시 내부,202301~202512,중소형,15,세종특별자치시,세종시,세종시,아름동,1921.5470135138128,1908.9038365149304,548,3,3,1,하위권,,현재 DuckDB 재산출(도시 내부 3단계 상대서열),apartment.duckdb/v_sale_clean
주요중소도시,3단계 상대서열,읍면동,도시 내부,202301~202512,중소형,15,세종특별자치시,세종시,세종시,고운동,1743.1705649089886,1733.079681064204,576,3,3,1,하위권,,현재 DuckDB 재산출(도시 내부 3단계 상대서열),apartment.duckdb/v_sale_clean
주요중소도시,3단계 상대서열,읍면동,도시 내부,202301~202512,중소형,15,세종특별자치시,세종시,세종시,조치원읍,991.8939780008086,1012.1005574844506,455,3,3,1,하위권,,현재 DuckDB 재산출(도시 내부 3단계 상대서열),apartment.duckdb/v_sale_clean
주요중소도시,3단계 상대서열,읍면동,도시 내부,202301~202512,중소형,15,전라남도,목포시,목포시,연산동,959.6183042690427,1089.3209264510847,354,3,1,3,상위권,,현재 DuckDB 재산출(도시 내부 3단계 상대서열),apartment.duckdb/v_sale_clean
주요중소도시,3단계 상대서열,읍면동,도시 내부,202301~202512,중소형,15,전라남도,목포시,목포시,죽교동,983.2988639663314,972.5471813029749,70,3,1,3,상위권,,현재 DuckDB 재산출(도시 내부 3단계 상대서열),apartment.duckdb/v_sale_clean
주요중소도시,3단계 상대서열,읍면동,도시 내부,202301~202512,중소형,15,전라남도,목포시,목포시,대성동,944.4257984655535,940.536134775813,138,3,1,3,상위권,,현재 DuckDB 재산출(도시 내부 3단계 상대서열),apartment.duckdb/v_sale_clean
주요중소도시,3단계 상대서열,읍면동,도시 내부,202301~202512,중소형,15,전라남도,목포시,목포시,용당동,668.250907873915,848.2293823794093,62,3,1,3,상위권,,현재 DuckDB 재산출(도시 내부 3단계 상대서열),apartment.duckdb/v_sale_clean
주요중소도시,3단계 상대서열,읍면동,도시 내부,202301~202512,중소형,15,전라남도,목포시,목포시,옥암동,861.2348022085572,832.547917055516,904,3,2,2,중위권,,현재 DuckDB 재산출(도시 내부 3단계 상대서열),apartment.duckdb/v_sale_clean
주요중소도시,3단계 상대서열,읍면동,도시 내부,202301~202512,중소형,15,전라남도,목포시,목포시,남교동,754.9469508340239,770.8696909026671,17,3,2,2,중위권,,현재 DuckDB 재산출(도시 내부 3단계 상대서열),apartment.duckdb/v_sale_clean
주요중소도시,3단계 상대서열,읍면동,도시 내부,202301~202512,중소형,15,전라남도,목포시,목포시,석현동,780.7957274565706,743.4932588955149,483,3,2,2,중위권,,현재 DuckDB 재산출(도시 내부 3단계 상대서열),apartment.duckdb/v_sale_clean
주요중소도시,3단계 상대서열,읍면동,도시 내부,202301~202512,중소형,15,전라남도,목포시,목포시,용해동,611.9216355975908,635.5479515080813,349,3,3,1,하위권,,현재 DuckDB 재산출(도시 내부 3단계 상대서열),apartment.duckdb/v_sale_clean
주요중소도시,3단계 상대서열,읍면동,도시 내부,202301~202512,중소형,15,전라남도,목포시,목포시,상동,734.8079020642497,572.2982539439278,656,3,3,1,하위권,,현재 DuckDB 재산출(도시 내부 3단계 상대서열),apartment.duckdb/v_sale_clean
주요중소도시,3단계 상대서열,읍면동,도시 내부,202301~202512,중소형,15,전라남도,목포시,목포시,산정동,454.6025175359363,415.574416801455,368,3,3,1,하위권,,현재 DuckDB 재산출(도시 내부 3단계 상대서열),apartment.duckdb/v_sale_clean
주요중소도시,3단계 상대서열,읍면동,도시 내부,202301~202512,중소형,15,전라남도,순천시,순천시,오천동,1465.7358105362491,1478.494418396626,94,3,1,3,상위권,,현재 DuckDB 재산출(도시 내부 3단계 상대서열),apartment.duckdb/v_sale_clean
주요중소도시,3단계 상대서열,읍면동,도시 내부,202301~202512,중소형,15,전라남도,순천시,순천시,해룡면,1389.4471377279572,1389.2966731901865,1569,3,1,3,상위권,,현재 DuckDB 재산출(도시 내부 3단계 상대서열),apartment.duckdb/v_sale_clean
주요중소도시,3단계 상대서열,읍면동,도시 내부,202301~202512,중소형,15,전라남도,순천시,순천시,왕지동,1353.9524209392362,1342.6152298946295,174,3,1,3,상위권,,현재 DuckDB 재산출(도시 내부 3단계 상대서열),apartment.duckdb/v_sale_clean
주요중소도시,3단계 상대서열,읍면동,도시 내부,202301~202512,중소형,15,전라남도,순천시,순천시,매곡동,1167.517457035093,1248.7358309505514,146,3,1,3,상위권,,현재 DuckDB 재산출(도시 내부 3단계 상대서열),apartment.duckdb/v_sale_clean
주요중소도시,3단계 상대서열,읍면동,도시 내부,202301~202512,중소형,15,전라남도,순천시,순천시,서면,1182.8654203774352,1238.3274562393785,212,3,1,3,상위권,,현재 DuckDB 재산출(도시 내부 3단계 상대서열),apartment.duckdb/v_sale_clean
주요중소도시,3단계 상대서열,읍면동,도시 내부,202301~202512,중소형,15,전라남도,순천시,순천시,용당동,995.6225661795067,942.788083630017,367,3,2,2,중위권,,현재 DuckDB 재산출(도시 내부 3단계 상대서열),apartment.duckdb/v_sale_clean
주요중소도시,3단계 상대서열,읍면동,도시 내부,202301~202512,중소형,15,전라남도,순천시,순천시,가곡동,811.9521082085747,856.0671781596717,23,3,2,2,중위권,,현재 DuckDB 재산출(도시 내부 3단계 상대서열),apartment.duckdb/v_sale_clean
주요중소도시,3단계 상대서열,읍면동,도시 내부,202301~202512,중소형,15,전라남도,순천시,순천시,조례동,888.3272505543097,778.1357245340396,956,3,2,2,중위권,,현재 DuckDB 재산출(도시 내부 3단계 상대서열),apartment.duckdb/v_sale_clean
주요중소도시,3단계 상대서열,읍면동,도시 내부,202301~202512,중소형,15,전라남도,순천시,순천시,연향동,692.3953787150311,648.590582262061,722,3,2,2,중위권,,현재 DuckDB 재산출(도시 내부 3단계 상대서열),apartment.duckdb/v_sale_clean
주요중소도시,3단계 상대서열,읍면동,도시 내부,202301~202512,중소형,15,전라남도,순천시,순천시,풍덕동,587.82362876379,599.1299111239805,76,3,2,2,중위권,,현재 DuckDB 재산출(도시 내부 3단계 상대서열),apartment.duckdb/v_sale_clean
주요중소도시,3단계 상대서열,읍면동,도시 내부,202301~202512,중소형,15,전라남도,순천시,순천시,조곡동,744.1977757806193,565.887352297669,141,3,3,1,하위권,,현재 DuckDB 재산출(도시 내부 3단계 상대서열),apartment.duckdb/v_sale_clean
주요중소도시,3단계 상대서열,읍면동,도시 내부,202301~202512,중소형,15,전라남도,순천시,순천시,생목동,461.8668195746244,466.95177964078573,88,3,3,1,하위권,,현재 DuckDB 재산출(도시 내부 3단계 상대서열),apartment.duckdb/v_sale_clean
주요중소도시,3단계 상대서열,읍면동,도시 내부,202301~202512,중소형,15,전라남도,순천시,순천시,덕월동,478.38498436962163,412.44494249116747,36,3,3,1,하위권,,현재 DuckDB 재산출(도시 내부 3단계 상대서열),apartment.duckdb/v_sale_clean
주요중소도시,3단계 상대서열,읍면동,도시 내부,202301~202512,중소형,15,전라남도,순천시,순천시,석현동,383.96638247582985,385.6165043863877,45,3,3,1,하위권,,현재 DuckDB 재산출(도시 내부 3단계 상대서열),apartment.duckdb/v_sale_clean
주요중소도시,3단계 상대서열,읍면동,도시 내부,202301~202512,중소형,15,전라남도,순천시,순천시,남정동,371.77302249906353,383.50175452052696,19,3,3,1,하위권,,현재 DuckDB 재산출(도시 내부 3단계 상대서열),apartment.duckdb/v_sale_clean
주요중소도시,3단계 상대서열,읍면동,도시 내부,202301~202512,중소형,15,전라남도,여수시,여수시,웅천동,1541.1180370395023,1556.615870399276,576,3,1,3,상위권,,현재 DuckDB 재산출(도시 내부 3단계 상대서열),apartment.duckdb/v_sale_clean
주요중소도시,3단계 상대서열,읍면동,도시 내부,202301~202512,중소형,15,전라남도,여수시,여수시,소라면,1439.6815432988399,1519.168710102771,320,3,1,3,상위권,,현재 DuckDB 재산출(도시 내부 3단계 상대서열),apartment.duckdb/v_sale_clean
주요중소도시,3단계 상대서열,읍면동,도시 내부,202301~202512,중소형,15,전라남도,여수시,여수시,관문동,1403.4763421825064,1402.1087379630617,42,3,1,3,상위권,,현재 DuckDB 재산출(도시 내부 3단계 상대서열),apartment.duckdb/v_sale_clean
주요중소도시,3단계 상대서열,읍면동,도시 내부,202301~202512,중소형,15,전라남도,여수시,여수시,신기동,1126.6287445577325,1325.677028962469,54,3,1,3,상위권,,현재 DuckDB 재산출(도시 내부 3단계 상대서열),apartment.duckdb/v_sale_clean
주요중소도시,3단계 상대서열,읍면동,도시 내부,202301~202512,중소형,15,전라남도,여수시,여수시,덕충동,1274.1355122185255,1322.4089518762644,113,3,1,3,상위권,,현재 DuckDB 재산출(도시 내부 3단계 상대서열),apartment.duckdb/v_sale_clean
주요중소도시,3단계 상대서열,읍면동,도시 내부,202301~202512,중소형,15,전라남도,여수시,여수시,학동,1384.1520680588849,1250.7818363650592,236,3,1,3,상위권,,현재 DuckDB 재산출(도시 내부 3단계 상대서열),apartment.duckdb/v_sale_clean
주요중소도시,3단계 상대서열,읍면동,도시 내부,202301~202512,중소형,15,전라남도,여수시,여수시,국동,1007.7367841491645,1099.2102330391958,52,3,1,3,상위권,,현재 DuckDB 재산출(도시 내부 3단계 상대서열),apartment.duckdb/v_sale_clean
주요중소도시,3단계 상대서열,읍면동,도시 내부,202301~202512,중소형,15,전라남도,여수시,여수시,안산동,897.6731734880133,909.9964237335407,118,3,2,2,중위권,,현재 DuckDB 재산출(도시 내부 3단계 상대서열),apartment.duckdb/v_sale_clean
주요중소도시,3단계 상대서열,읍면동,도시 내부,202301~202512,중소형,15,전라남도,여수시,여수시,시전동,857.5873892244432,836.5628550528397,29,3,2,2,중위권,,현재 DuckDB 재산출(도시 내부 3단계 상대서열),apartment.duckdb/v_sale_clean
주요중소도시,3단계 상대서열,읍면동,도시 내부,202301~202512,중소형,15,전라남도,여수시,여수시,신월동,840.2959464076894,817.1550336978685,115,3,2,2,중위권,,현재 DuckDB 재산출(도시 내부 3단계 상대서열),apartment.duckdb/v_sale_clean
주요중소도시,3단계 상대서열,읍면동,도시 내부,202301~202512,중소형,15,전라남도,여수시,여수시,둔덕동,756.8861837301642,812.2880994188647,183,3,2,2,중위권,,현재 DuckDB 재산출(도시 내부 3단계 상대서열),apartment.duckdb/v_sale_clean
주요중소도시,3단계 상대서열,읍면동,도시 내부,202301~202512,중소형,15,전라남도,여수시,여수시,선원동,887.6004486453181,805.4589698066333,48,3,2,2,중위권,,현재 DuckDB 재산출(도시 내부 3단계 상대서열),apartment.duckdb/v_sale_clean
주요중소도시,3단계 상대서열,읍면동,도시 내부,202301~202512,중소형,15,전라남도,여수시,여수시,문수동,1013.4811563339929,745.6929867938901,258,3,2,2,중위권,,현재 DuckDB 재산출(도시 내부 3단계 상대서열),apartment.duckdb/v_sale_clean
주요중소도시,3단계 상대서열,읍면동,도시 내부,202301~202512,중소형,15,전라남도,여수시,여수시,미평동,803.8885628234236,721.276386288341,57,3,3,1,하위권,,현재 DuckDB 재산출(도시 내부 3단계 상대서열),apartment.duckdb/v_sale_clean
주요중소도시,3단계 상대서열,읍면동,도시 내부,202301~202512,중소형,15,전라남도,여수시,여수시,소호동,715.6479222661204,691.9757663889812,236,3,3,1,하위권,,현재 DuckDB 재산출(도시 내부 3단계 상대서열),apartment.duckdb/v_sale_clean
주요중소도시,3단계 상대서열,읍면동,도시 내부,202301~202512,중소형,15,전라남도,여수시,여수시,여서동,677.6595073556316,679.5800142419796,245,3,3,1,하위권,,현재 DuckDB 재산출(도시 내부 3단계 상대서열),apartment.duckdb/v_sale_clean
주요중소도시,3단계 상대서열,읍면동,도시 내부,202301~202512,중소형,15,전라남도,여수시,여수시,봉계동,604.7353687102834,610.4200060183903,142,3,3,1,하위권,,현재 DuckDB 재산출(도시 내부 3단계 상대서열),apartment.duckdb/v_sale_clean
주요중소도시,3단계 상대서열,읍면동,도시 내부,202301~202512,중소형,15,전라남도,여수시,여수시,율촌면,529.7308184675087,533.5278230475919,20,3,3,1,하위권,,현재 DuckDB 재산출(도시 내부 3단계 상대서열),apartment.duckdb/v_sale_clean
주요중소도시,3단계 상대서열,읍면동,도시 내부,202301~202512,중소형,15,전라남도,여수시,여수시,광무동,491.6190373058801,496.3349073313532,18,3,3,1,하위권,,현재 DuckDB 재산출(도시 내부 3단계 상대서열),apartment.duckdb/v_sale_clean
주요중소도시,3단계 상대서열,읍면동,도시 내부,202301~202512,중소형,15,전북특별자치도,군산시,군산시,조촌동,1304.7711163282356,1460.8225329194797,764,3,1,3,상위권,,현재 DuckDB 재산출(도시 내부 3단계 상대서열),apartment.duckdb/v_sale_clean
주요중소도시,3단계 상대서열,읍면동,도시 내부,202301~202512,중소형,15,전북특별자치도,군산시,군산시,내흥동,1385.607575258467,1392.7011665439059,17,3,1,3,상위권,,현재 DuckDB 재산출(도시 내부 3단계 상대서열),apartment.duckdb/v_sale_clean
주요중소도시,3단계 상대서열,읍면동,도시 내부,202301~202512,중소형,15,전북특별자치도,군산시,군산시,미장동,1078.2036965179186,1114.3792133036075,402,3,1,3,상위권,,현재 DuckDB 재산출(도시 내부 3단계 상대서열),apartment.duckdb/v_sale_clean
주요중소도시,3단계 상대서열,읍면동,도시 내부,202301~202512,중소형,15,전북특별자치도,군산시,군산시,옥산면,945.6957057345845,952.9577466909227,110,3,1,3,상위권,,현재 DuckDB 재산출(도시 내부 3단계 상대서열),apartment.duckdb/v_sale_clean
주요중소도시,3단계 상대서열,읍면동,도시 내부,202301~202512,중소형,15,전북특별자치도,군산시,군산시,지곡동,912.2386652057879,925.6543924747295,258,3,1,3,상위권,,현재 DuckDB 재산출(도시 내부 3단계 상대서열),apartment.duckdb/v_sale_clean
주요중소도시,3단계 상대서열,읍면동,도시 내부,202301~202512,중소형,15,전북특별자치도,군산시,군산시,수송동,843.7735062714305,903.4239374550306,512,3,1,3,상위권,,현재 DuckDB 재산출(도시 내부 3단계 상대서열),apartment.duckdb/v_sale_clean
주요중소도시,3단계 상대서열,읍면동,도시 내부,202301~202512,중소형,15,전북특별자치도,군산시,군산시,경암동,670.3919290838015,867.8920166806901,88,3,2,2,중위권,,현재 DuckDB 재산출(도시 내부 3단계 상대서열),apartment.duckdb/v_sale_clean
주요중소도시,3단계 상대서열,읍면동,도시 내부,202301~202512,중소형,15,전북특별자치도,군산시,군산시,미룡동,784.6967133667563,779.3905750246239,83,3,2,2,중위권,,현재 DuckDB 재산출(도시 내부 3단계 상대서열),apartment.duckdb/v_sale_clean
주요중소도시,3단계 상대서열,읍면동,도시 내부,202301~202512,중소형,15,전북특별자치도,군산시,군산시,대명동,761.0402319412619,768.4271156802242,152,3,2,2,중위권,,현재 DuckDB 재산출(도시 내부 3단계 상대서열),apartment.duckdb/v_sale_clean
주요중소도시,3단계 상대서열,읍면동,도시 내부,202301~202512,중소형,15,전북특별자치도,군산시,군산시,동흥남동,636.7005895770122,618.594603637453,23,3,2,2,중위권,,현재 DuckDB 재산출(도시 내부 3단계 상대서열),apartment.duckdb/v_sale_clean
주요중소도시,3단계 상대서열,읍면동,도시 내부,202301~202512,중소형,15,전북특별자치도,군산시,군산시,나운동,577.5059655769035,505.6501542719173,769,3,2,2,중위권,,현재 DuckDB 재산출(도시 내부 3단계 상대서열),apartment.duckdb/v_sale_clean
주요중소도시,3단계 상대서열,읍면동,도시 내부,202301~202512,중소형,15,전북특별자치도,군산시,군산시,장재동,450.0780387059474,486.35085506316534,25,3,2,2,중위권,,현재 DuckDB 재산출(도시 내부 3단계 상대서열),apartment.duckdb/v_sale_clean
주요중소도시,3단계 상대서열,읍면동,도시 내부,202301~202512,중소형,15,전북특별자치도,군산시,군산시,사정동,470.6730544431818,472.52026627233215,28,3,3,1,하위권,,현재 DuckDB 재산출(도시 내부 3단계 상대서열),apartment.duckdb/v_sale_clean
주요중소도시,3단계 상대서열,읍면동,도시 내부,202301~202512,중소형,15,전북특별자치도,군산시,군산시,문화동,430.78615203719113,455.2244003391227,63,3,3,1,하위권,,현재 DuckDB 재산출(도시 내부 3단계 상대서열),apartment.duckdb/v_sale_clean
주요중소도시,3단계 상대서열,읍면동,도시 내부,202301~202512,중소형,15,전북특별자치도,군산시,군산시,구암동,470.28952026576553,420.32596252001406,60,3,3,1,하위권,,현재 DuckDB 재산출(도시 내부 3단계 상대서열),apartment.duckdb/v_sale_clean
주요중소도시,3단계 상대서열,읍면동,도시 내부,202301~202512,중소형,15,전북특별자치도,군산시,군산시,소룡동,399.50458768971725,369.6849542873853,243,3,3,1,하위권,,현재 DuckDB 재산출(도시 내부 3단계 상대서열),apartment.duckdb/v_sale_clean
주요중소도시,3단계 상대서열,읍면동,도시 내부,202301~202512,중소형,15,전북특별자치도,군산시,군산시,산북동,350.1994799274748,336.82536833926156,28,3,3,1,하위권,,현재 DuckDB 재산출(도시 내부 3단계 상대서열),apartment.duckdb/v_sale_clean
주요중소도시,3단계 상대서열,읍면동,도시 내부,202301~202512,중소형,15,전북특별자치도,익산시,익산시,어양동,1134.3806624697272,1217.5932499431076,207,3,1,3,상위권,,현재 DuckDB 재산출(도시 내부 3단계 상대서열),apartment.duckdb/v_sale_clean
주요중소도시,3단계 상대서열,읍면동,도시 내부,202301~202512,중소형,15,전북특별자치도,익산시,익산시,모현동2가,1074.7747058690584,1150.6849095992193,65,3,1,3,상위권,,현재 DuckDB 재산출(도시 내부 3단계 상대서열),apartment.duckdb/v_sale_clean
주요중소도시,3단계 상대서열,읍면동,도시 내부,202301~202512,중소형,15,전북특별자치도,익산시,익산시,마동,1007.8248033458264,1076.874400317181,110,3,1,3,상위권,,현재 DuckDB 재산출(도시 내부 3단계 상대서열),apartment.duckdb/v_sale_clean
주요중소도시,3단계 상대서열,읍면동,도시 내부,202301~202512,중소형,15,전북특별자치도,익산시,익산시,신동,880.2518772549818,1011.7133742466981,45,3,1,3,상위권,,현재 DuckDB 재산출(도시 내부 3단계 상대서열),apartment.duckdb/v_sale_clean
주요중소도시,3단계 상대서열,읍면동,도시 내부,202301~202512,중소형,15,전북특별자치도,익산시,익산시,모현동1가,903.6259433029755,954.1348358036175,588,3,1,3,상위권,,현재 DuckDB 재산출(도시 내부 3단계 상대서열),apartment.duckdb/v_sale_clean
주요중소도시,3단계 상대서열,읍면동,도시 내부,202301~202512,중소형,15,전북특별자치도,익산시,익산시,부송동,919.3939645842586,840.0336215586216,324,3,2,2,중위권,,현재 DuckDB 재산출(도시 내부 3단계 상대서열),apartment.duckdb/v_sale_clean
주요중소도시,3단계 상대서열,읍면동,도시 내부,202301~202512,중소형,15,전북특별자치도,익산시,익산시,송학동,745.2833052902611,700.3592663295758,192,3,2,2,중위권,,현재 DuckDB 재산출(도시 내부 3단계 상대서열),apartment.duckdb/v_sale_clean
주요중소도시,3단계 상대서열,읍면동,도시 내부,202301~202512,중소형,15,전북특별자치도,익산시,익산시,동산동,725.3889499625342,681.5650290930902,399,3,2,2,중위권,,현재 DuckDB 재산출(도시 내부 3단계 상대서열),apartment.duckdb/v_sale_clean
주요중소도시,3단계 상대서열,읍면동,도시 내부,202301~202512,중소형,15,전북특별자치도,익산시,익산시,영등동,676.2327611754201,681.5650290930902,310,3,2,2,중위권,,현재 DuckDB 재산출(도시 내부 3단계 상대서열),apartment.duckdb/v_sale_clean
주요중소도시,3단계 상대서열,읍면동,도시 내부,202301~202512,중소형,15,전북특별자치도,익산시,익산시,평화동,587.6430289573909,571.937839691007,80,3,2,2,중위권,,현재 DuckDB 재산출(도시 내부 3단계 상대서열),apartment.duckdb/v_sale_clean
주요중소도시,3단계 상대서열,읍면동,도시 내부,202301~202512,중소형,15,전북특별자치도,익산시,익산시,함열읍,472.78593099410597,544.6212943249886,21,3,3,1,하위권,,현재 DuckDB 재산출(도시 내부 3단계 상대서열),apartment.duckdb/v_sale_clean
주요중소도시,3단계 상대서열,읍면동,도시 내부,202301~202512,중소형,15,전북특별자치도,익산시,익산시,팔봉동,510.7769677299742,496.1626059276492,130,3,3,1,하위권,,현재 DuckDB 재산출(도시 내부 3단계 상대서열),apartment.duckdb/v_sale_clean
주요중소도시,3단계 상대서열,읍면동,도시 내부,202301~202512,중소형,15,전북특별자치도,익산시,익산시,주현동,420.35796211092156,419.0680367985849,16,3,3,1,하위권,,현재 DuckDB 재산출(도시 내부 3단계 상대서열),apartment.duckdb/v_sale_clean
주요중소도시,3단계 상대서열,읍면동,도시 내부,202301~202512,중소형,15,전북특별자치도,익산시,익산시,남중동,475.23310778454174,363.52813807480413,22,3,3,1,하위권,,현재 DuckDB 재산출(도시 내부 3단계 상대서열),apartment.duckdb/v_sale_clean
주요중소도시,3단계 상대서열,읍면동,도시 내부,202301~202512,중소형,15,전북특별자치도,전주시,전주시 완산구,태평동,1971.9947893727694,2092.8016652449933,156,3,1,3,상위권,,현재 DuckDB 재산출(도시 내부 3단계 상대서열),apartment.duckdb/v_sale_clean
주요중소도시,3단계 상대서열,읍면동,도시 내부,202301~202512,중소형,15,전북특별자치도,전주시,전주시 덕진구,송천동2가,1839.3542656644227,1984.844119488706,1523,3,1,3,상위권,,현재 DuckDB 재산출(도시 내부 3단계 상대서열),apartment.duckdb/v_sale_clean
주요중소도시,3단계 상대서열,읍면동,도시 내부,202301~202512,중소형,15,전북특별자치도,전주시,전주시 덕진구,중동,1846.5039764961766,1867.2378521322482,325,3,1,3,상위권,,현재 DuckDB 재산출(도시 내부 3단계 상대서열),apartment.duckdb/v_sale_clean
주요중소도시,3단계 상대서열,읍면동,도시 내부,202301~202512,중소형,15,전북특별자치도,전주시,전주시 덕진구,만성동,1861.3800184946672,1864.5597906180874,484,3,1,3,상위권,,현재 DuckDB 재산출(도시 내부 3단계 상대서열),apartment.duckdb/v_sale_clean
주요중소도시,3단계 상대서열,읍면동,도시 내부,202301~202512,중소형,15,전북특별자치도,전주시,전주시 덕진구,우아동3가,1481.8180734315401,1696.7429450996515,322,3,1,3,상위권,,현재 DuckDB 재산출(도시 내부 3단계 상대서열),apartment.duckdb/v_sale_clean
주요중소도시,3단계 상대서열,읍면동,도시 내부,202301~202512,중소형,15,전북특별자치도,전주시,전주시 완산구,효자동2가,1744.4000009287292,1646.4550009607572,1056,3,1,3,상위권,,현재 DuckDB 재산출(도시 내부 3단계 상대서열),apartment.duckdb/v_sale_clean
주요중소도시,3단계 상대서열,읍면동,도시 내부,202301~202512,중소형,15,전북특별자치도,전주시,전주시 덕진구,장동,1531.8367962487855,1633.631271374315,403,3,1,3,상위권,,현재 DuckDB 재산출(도시 내부 3단계 상대서열),apartment.duckdb/v_sale_clean
주요중소도시,3단계 상대서열,읍면동,도시 내부,202301~202512,중소형,15,전북특별자치도,전주시,전주시 완산구,서완산동2가,1512.2492808637332,1614.0579390405321,60,3,1,3,상위권,,현재 DuckDB 재산출(도시 내부 3단계 상대서열),apartment.duckdb/v_sale_clean
주요중소도시,3단계 상대서열,읍면동,도시 내부,202301~202512,중소형,15,전북특별자치도,전주시,전주시 완산구,효자동3가,1504.8947201400829,1596.1250133383496,445,3,1,3,상위권,,현재 DuckDB 재산출(도시 내부 3단계 상대서열),apartment.duckdb/v_sale_clean
주요중소도시,3단계 상대서열,읍면동,도시 내부,202301~202512,중소형,15,전북특별자치도,전주시,전주시 완산구,중노송동,1190.8895304229354,1361.5083746720504,124,3,1,3,상위권,,현재 DuckDB 재산출(도시 내부 3단계 상대서열),apartment.duckdb/v_sale_clean
주요중소도시,3단계 상대서열,읍면동,도시 내부,202301~202512,중소형,15,전북특별자치도,전주시,전주시 덕진구,덕진동2가,1291.8374007230339,1344.9719539236,271,3,1,3,상위권,,현재 DuckDB 재산출(도시 내부 3단계 상대서열),apartment.duckdb/v_sale_clean
주요중소도시,3단계 상대서열,읍면동,도시 내부,202301~202512,중소형,15,전북특별자치도,전주시,전주시 덕진구,송천동1가,1085.9144695298169,1186.4824411782934,850,3,2,2,중위권,,현재 DuckDB 재산출(도시 내부 3단계 상대서열),apartment.duckdb/v_sale_clean
주요중소도시,3단계 상대서열,읍면동,도시 내부,202301~202512,중소형,15,전북특별자치도,전주시,전주시 덕진구,반월동,1092.2733472977652,1176.5889091455438,131,3,2,2,중위권,,현재 DuckDB 재산출(도시 내부 3단계 상대서열),apartment.duckdb/v_sale_clean
주요중소도시,3단계 상대서열,읍면동,도시 내부,202301~202512,중소형,15,전북특별자치도,전주시,전주시 완산구,중화산동2가,1049.0743810753577,1120.6816328121263,409,3,2,2,중위권,,현재 DuckDB 재산출(도시 내부 3단계 상대서열),apartment.duckdb/v_sale_clean
주요중소도시,3단계 상대서열,읍면동,도시 내부,202301~202512,중소형,15,전북특별자치도,전주시,전주시 완산구,삼천동1가,1072.9319304057217,1077.9946537812439,574,3,2,2,중위권,,현재 DuckDB 재산출(도시 내부 3단계 상대서열),apartment.duckdb/v_sale_clean
주요중소도시,3단계 상대서열,읍면동,도시 내부,202301~202512,중소형,15,전북특별자치도,전주시,전주시 완산구,서신동,1368.2410407487334,1031.1123562279188,488,3,2,2,중위권,,현재 DuckDB 재산출(도시 내부 3단계 상대서열),apartment.duckdb/v_sale_clean
주요중소도시,3단계 상대서열,읍면동,도시 내부,202301~202512,중소형,15,전북특별자치도,전주시,전주시 덕진구,여의동2가,913.4157375117609,1019.1001328256459,78,3,2,2,중위권,,현재 DuckDB 재산출(도시 내부 3단계 상대서열),apartment.duckdb/v_sale_clean
주요중소도시,3단계 상대서열,읍면동,도시 내부,202301~202512,중소형,15,전북특별자치도,전주시,전주시 덕진구,금암동,876.3740303940957,970.9158858175374,92,3,2,2,중위권,,현재 DuckDB 재산출(도시 내부 3단계 상대서열),apartment.duckdb/v_sale_clean
주요중소도시,3단계 상대서열,읍면동,도시 내부,202301~202512,중소형,15,전북특별자치도,전주시,전주시 완산구,평화동2가,990.8029200295191,908.8232013870222,829,3,2,2,중위권,,현재 DuckDB 재산출(도시 내부 3단계 상대서열),apartment.duckdb/v_sale_clean
주요중소도시,3단계 상대서열,읍면동,도시 내부,202301~202512,중소형,15,전북특별자치도,전주시,전주시 덕진구,덕진동1가,876.1319543153274,894.8548927590326,28,3,2,2,중위권,,현재 DuckDB 재산출(도시 내부 3단계 상대서열),apartment.duckdb/v_sale_clean
주요중소도시,3단계 상대서열,읍면동,도시 내부,202301~202512,중소형,15,전북특별자치도,전주시,전주시 덕진구,인후동1가,976.4388337289713,891.4847191822159,786,3,2,2,중위권,,현재 DuckDB 재산출(도시 내부 3단계 상대서열),apartment.duckdb/v_sale_clean
주요중소도시,3단계 상대서열,읍면동,도시 내부,202301~202512,중소형,15,전북특별자치도,전주시,전주시 완산구,효자동1가,1071.6906917749184,877.8030429317914,942,3,2,2,중위권,,현재 DuckDB 재산출(도시 내부 3단계 상대서열),apartment.duckdb/v_sale_clean
주요중소도시,3단계 상대서열,읍면동,도시 내부,202301~202512,중소형,15,전북특별자치도,전주시,전주시 덕진구,우아동2가,855.3458847414627,861.2893501571854,114,3,3,1,하위권,,현재 DuckDB 재산출(도시 내부 3단계 상대서열),apartment.duckdb/v_sale_clean
주요중소도시,3단계 상대서열,읍면동,도시 내부,202301~202512,중소형,15,전북특별자치도,전주시,전주시 덕진구,여의동,801.8449696744306,820.995029633835,71,3,3,1,하위권,,현재 DuckDB 재산출(도시 내부 3단계 상대서열),apartment.duckdb/v_sale_clean
주요중소도시,3단계 상대서열,읍면동,도시 내부,202301~202512,중소형,15,전북특별자치도,전주시,전주시 완산구,중화산동1가,802.9331559453415,817.5084932799173,112,3,3,1,하위권,,현재 DuckDB 재산출(도시 내부 3단계 상대서열),apartment.duckdb/v_sale_clean
주요중소도시,3단계 상대서열,읍면동,도시 내부,202301~202512,중소형,15,전북특별자치도,전주시,전주시 덕진구,진북동,738.7423975106964,752.8179610304852,115,3,3,1,하위권,,현재 DuckDB 재산출(도시 내부 3단계 상대서열),apartment.duckdb/v_sale_clean
주요중소도시,3단계 상대서열,읍면동,도시 내부,202301~202512,중소형,15,전북특별자치도,전주시,전주시 완산구,평화동1가,760.6803161553947,736.4372800916454,210,3,3,1,하위권,,현재 DuckDB 재산출(도시 내부 3단계 상대서열),apartment.duckdb/v_sale_clean
주요중소도시,3단계 상대서열,읍면동,도시 내부,202301~202512,중소형,15,전북특별자치도,전주시,전주시 덕진구,인후동2가,804.3730150413679,647.9258813363591,72,3,3,1,하위권,,현재 DuckDB 재산출(도시 내부 3단계 상대서열),apartment.duckdb/v_sale_clean
주요중소도시,3단계 상대서열,읍면동,도시 내부,202301~202512,중소형,15,전북특별자치도,전주시,전주시 덕진구,호성동1가,735.4652700938794,626.6152266304571,222,3,3,1,하위권,,현재 DuckDB 재산출(도시 내부 3단계 상대서열),apartment.duckdb/v_sale_clean
주요중소도시,3단계 상대서열,읍면동,도시 내부,202301~202512,중소형,15,전북특별자치도,전주시,전주시 완산구,동서학동,471.6638032207555,470.2397046894655,45,3,3,1,하위권,,현재 DuckDB 재산출(도시 내부 3단계 상대서열),apartment.duckdb/v_sale_clean
주요중소도시,3단계 상대서열,읍면동,도시 내부,202301~202512,중소형,15,전북특별자치도,전주시,전주시 완산구,서서학동,345.1759485861026,336.0464765144219,32,3,3,1,하위권,,현재 DuckDB 재산출(도시 내부 3단계 상대서열),apartment.duckdb/v_sale_clean
주요중소도시,3단계 상대서열,읍면동,도시 내부,202301~202512,중소형,15,전북특별자치도,전주시,전주시 완산구,대성동,308.09941793738113,320.4188890842663,17,3,3,1,하위권,,현재 DuckDB 재산출(도시 내부 3단계 상대서열),apartment.duckdb/v_sale_clean
주요중소도시,3단계 상대서열,읍면동,도시 내부,202301~202512,중소형,15,충청남도,서산시,서산시,예천동,1434.4601153929223,1401.5708806430248,835,3,1,3,상위권,,현재 DuckDB 재산출(도시 내부 3단계 상대서열),apartment.duckdb/v_sale_clean
주요중소도시,3단계 상대서열,읍면동,도시 내부,202301~202512,중소형,15,충청남도,서산시,서산시,석림동,1150.7791971432096,1081.67740228246,291,3,1,3,상위권,,현재 DuckDB 재산출(도시 내부 3단계 상대서열),apartment.duckdb/v_sale_clean
주요중소도시,3단계 상대서열,읍면동,도시 내부,202301~202512,중소형,15,충청남도,서산시,서산시,성연면,875.8794272320434,875.5335562292603,512,3,1,3,상위권,,현재 DuckDB 재산출(도시 내부 3단계 상대서열),apartment.duckdb/v_sale_clean
주요중소도시,3단계 상대서열,읍면동,도시 내부,202301~202512,중소형,15,충청남도,서산시,서산시,동문동,851.610167584719,844.4810096505986,459,3,1,3,상위권,,현재 DuckDB 재산출(도시 내부 3단계 상대서열),apartment.duckdb/v_sale_clean
주요중소도시,3단계 상대서열,읍면동,도시 내부,202301~202512,중소형,15,충청남도,서산시,서산시,석남동,798.744505974293,829.7575199209978,73,3,2,2,중위권,,현재 DuckDB 재산출(도시 내부 3단계 상대서열),apartment.duckdb/v_sale_clean
주요중소도시,3단계 상대서열,읍면동,도시 내부,202301~202512,중소형,15,충청남도,서산시,서산시,읍내동,852.9796220060892,817.3387915996254,284,3,2,2,중위권,,현재 DuckDB 재산출(도시 내부 3단계 상대서열),apartment.duckdb/v_sale_clean
주요중소도시,3단계 상대서열,읍면동,도시 내부,202301~202512,중소형,15,충청남도,서산시,서산시,대산읍,649.2929127618364,817.102134440032,47,3,2,2,중위권,,현재 DuckDB 재산출(도시 내부 3단계 상대서열),apartment.duckdb/v_sale_clean
주요중소도시,3단계 상대서열,읍면동,도시 내부,202301~202512,중소형,15,충청남도,서산시,서산시,음암면,480.44326567289215,505.7298904824416,73,3,2,2,중위권,,현재 DuckDB 재산출(도시 내부 3단계 상대서열),apartment.duckdb/v_sale_clean
주요중소도시,3단계 상대서열,읍면동,도시 내부,202301~202512,중소형,15,충청남도,서산시,서산시,인지면,485.3157610992661,482.6565744158887,83,3,3,1,하위권,,현재 DuckDB 재산출(도시 내부 3단계 상대서열),apartment.duckdb/v_sale_clean
주요중소도시,3단계 상대서열,읍면동,도시 내부,202301~202512,중소형,15,충청남도,서산시,서산시,갈산동,431.1749134623259,428.9348282855926,47,3,3,1,하위권,,현재 DuckDB 재산출(도시 내부 3단계 상대서열),apartment.duckdb/v_sale_clean
주요중소도시,3단계 상대서열,읍면동,도시 내부,202301~202512,중소형,15,충청남도,서산시,서산시,지곡면,419.59507639469757,408.44626418708924,268,3,3,1,하위권,,현재 DuckDB 재산출(도시 내부 3단계 상대서열),apartment.duckdb/v_sale_clean
주요중소도시,3단계 상대서열,읍면동,도시 내부,202301~202512,중소형,15,충청남도,서산시,서산시,죽성동,375.1067884389257,389.23644459754405,92,3,3,1,하위권,,현재 DuckDB 재산출(도시 내부 3단계 상대서열),apartment.duckdb/v_sale_clean
주요중소도시,3단계 상대서열,읍면동,도시 내부,202301~202512,중소형,15,충청남도,아산시,아산시,탕정면,2060.7232702302695,2092.923997079476,871,3,1,3,상위권,,현재 DuckDB 재산출(도시 내부 3단계 상대서열),apartment.duckdb/v_sale_clean
주요중소도시,3단계 상대서열,읍면동,도시 내부,202301~202512,중소형,15,충청남도,아산시,아산시,모종동,1181.0244523508359,1223.5435455062884,532,3,1,3,상위권,,현재 DuckDB 재산출(도시 내부 3단계 상대서열),apartment.duckdb/v_sale_clean
주요중소도시,3단계 상대서열,읍면동,도시 내부,202301~202512,중소형,15,충청남도,아산시,아산시,풍기동,1123.2625760598612,1170.6391451521076,367,3,1,3,상위권,,현재 DuckDB 재산출(도시 내부 3단계 상대서열),apartment.duckdb/v_sale_clean
주요중소도시,3단계 상대서열,읍면동,도시 내부,202301~202512,중소형,15,충청남도,아산시,아산시,용화동,1027.4478837350239,1108.9634833500224,311,3,1,3,상위권,,현재 DuckDB 재산출(도시 내부 3단계 상대서열),apartment.duckdb/v_sale_clean
주요중소도시,3단계 상대서열,읍면동,도시 내부,202301~202512,중소형,15,충청남도,아산시,아산시,둔포면,1039.5384948485719,995.8436205292661,859,3,1,3,상위권,,현재 DuckDB 재산출(도시 내부 3단계 상대서열),apartment.duckdb/v_sale_clean
주요중소도시,3단계 상대서열,읍면동,도시 내부,202301~202512,중소형,15,충청남도,아산시,아산시,법곡동,940.9479502673139,968.016481298325,21,3,2,2,중위권,,현재 DuckDB 재산출(도시 내부 3단계 상대서열),apartment.duckdb/v_sale_clean
주요중소도시,3단계 상대서열,읍면동,도시 내부,202301~202512,중소형,15,충청남도,아산시,아산시,배방읍,1087.3180935071491,955.1914848283004,1428,3,2,2,중위권,,현재 DuckDB 재산출(도시 내부 3단계 상대서열),apartment.duckdb/v_sale_clean
주요중소도시,3단계 상대서열,읍면동,도시 내부,202301~202512,중소형,15,충청남도,아산시,아산시,온천동,851.6838484534636,918.1377993159941,140,3,2,2,중위권,,현재 DuckDB 재산출(도시 내부 3단계 상대서열),apartment.duckdb/v_sale_clean
주요중소도시,3단계 상대서열,읍면동,도시 내부,202301~202512,중소형,15,충청남도,아산시,아산시,음봉면,983.4582317505902,918.0575303085412,343,3,2,2,중위권,,현재 DuckDB 재산출(도시 내부 3단계 상대서열),apartment.duckdb/v_sale_clean
주요중소도시,3단계 상대서열,읍면동,도시 내부,202301~202512,중소형,15,충청남도,아산시,아산시,권곡동,856.9982715963185,877.2238990411201,183,3,2,2,중위권,,현재 DuckDB 재산출(도시 내부 3단계 상대서열),apartment.duckdb/v_sale_clean
주요중소도시,3단계 상대서열,읍면동,도시 내부,202301~202512,중소형,15,충청남도,아산시,아산시,실옥동,667.3679287249391,715.7062912527856,108,3,3,1,하위권,,현재 DuckDB 재산출(도시 내부 3단계 상대서열),apartment.duckdb/v_sale_clean
주요중소도시,3단계 상대서열,읍면동,도시 내부,202301~202512,중소형,15,충청남도,아산시,아산시,신창면,691.8514418497873,653.5205673395453,194,3,3,1,하위권,,현재 DuckDB 재산출(도시 내부 3단계 상대서열),apartment.duckdb/v_sale_clean
주요중소도시,3단계 상대서열,읍면동,도시 내부,202301~202512,중소형,15,충청남도,아산시,아산시,신인동,609.7055506047521,605.0876511428438,41,3,3,1,하위권,,현재 DuckDB 재산출(도시 내부 3단계 상대서열),apartment.duckdb/v_sale_clean
주요중소도시,3단계 상대서열,읍면동,도시 내부,202301~202512,중소형,15,충청남도,아산시,아산시,방축동,576.8362369911672,536.9757435873139,105,3,3,1,하위권,,현재 DuckDB 재산출(도시 내부 3단계 상대서열),apartment.duckdb/v_sale_clean
주요중소도시,3단계 상대서열,읍면동,도시 내부,202301~202512,중소형,15,충청남도,천안시,천안시 서북구,불당동,2012.8965371393115,2007.3831995261694,1210,3,1,3,상위권,,현재 DuckDB 재산출(도시 내부 3단계 상대서열),apartment.duckdb/v_sale_clean
주요중소도시,3단계 상대서열,읍면동,도시 내부,202301~202512,중소형,15,충청남도,천안시,천안시 서북구,성성동,1971.6158823203284,1943.1676760569324,796,3,1,3,상위권,,현재 DuckDB 재산출(도시 내부 3단계 상대서열),apartment.duckdb/v_sale_clean
주요중소도시,3단계 상대서열,읍면동,도시 내부,202301~202512,중소형,15,충청남도,천안시,천안시 동남구,문화동,1608.6774476088353,1608.613248143261,261,3,1,3,상위권,,현재 DuckDB 재산출(도시 내부 3단계 상대서열),apartment.duckdb/v_sale_clean
주요중소도시,3단계 상대서열,읍면동,도시 내부,202301~202512,중소형,15,충청남도,천안시,천안시 서북구,와촌동,1486.6201074394,1594.8103470984136,236,3,1,3,상위권,,현재 DuckDB 재산출(도시 내부 3단계 상대서열),apartment.duckdb/v_sale_clean
주요중소도시,3단계 상대서열,읍면동,도시 내부,202301~202512,중소형,15,충청남도,천안시,천안시 동남구,봉명동,1147.9066553382527,1439.7934091024615,100,3,1,3,상위권,,현재 DuckDB 재산출(도시 내부 3단계 상대서열),apartment.duckdb/v_sale_clean
주요중소도시,3단계 상대서열,읍면동,도시 내부,202301~202512,중소형,15,충청남도,천안시,천안시 동남구,신부동,1255.2127838982674,1432.3553150613297,472,3,1,3,상위권,,현재 DuckDB 재산출(도시 내부 3단계 상대서열),apartment.duckdb/v_sale_clean
주요중소도시,3단계 상대서열,읍면동,도시 내부,202301~202512,중소형,15,충청남도,천안시,천안시 동남구,청당동,1247.772423268913,1307.86705108681,986,3,1,3,상위권,,현재 DuckDB 재산출(도시 내부 3단계 상대서열),apartment.duckdb/v_sale_clean
주요중소도시,3단계 상대서열,읍면동,도시 내부,202301~202512,중소형,15,충청남도,천안시,천안시 서북구,백석동,1206.7544146254074,1197.915925768145,1115,3,1,3,상위권,,현재 DuckDB 재산출(도시 내부 3단계 상대서열),apartment.duckdb/v_sale_clean
주요중소도시,3단계 상대서열,읍면동,도시 내부,202301~202512,중소형,15,충청남도,천안시,천안시 서북구,두정동,1174.4293939845027,1124.9595535195128,2071,3,1,3,상위권,,현재 DuckDB 재산출(도시 내부 3단계 상대서열),apartment.duckdb/v_sale_clean
주요중소도시,3단계 상대서열,읍면동,도시 내부,202301~202512,중소형,15,충청남도,천안시,천안시 동남구,풍세면,1111.3856437721834,1118.4764443259023,92,3,2,2,중위권,,현재 DuckDB 재산출(도시 내부 3단계 상대서열),apartment.duckdb/v_sale_clean
주요중소도시,3단계 상대서열,읍면동,도시 내부,202301~202512,중소형,15,충청남도,천안시,천안시 서북구,차암동,1105.781192197161,1109.5851611477783,521,3,2,2,중위권,,현재 DuckDB 재산출(도시 내부 3단계 상대서열),apartment.duckdb/v_sale_clean
주요중소도시,3단계 상대서열,읍면동,도시 내부,202301~202512,중소형,15,충청남도,천안시,천안시 서북구,신당동,905.9308352091422,1059.3676552801317,49,3,2,2,중위권,,현재 DuckDB 재산출(도시 내부 3단계 상대서열),apartment.duckdb/v_sale_clean
주요중소도시,3단계 상대서열,읍면동,도시 내부,202301~202512,중소형,15,충청남도,천안시,천안시 동남구,용곡동,1017.5649894438184,972.6559186890777,195,3,2,2,중위권,,현재 DuckDB 재산출(도시 내부 3단계 상대서열),apartment.duckdb/v_sale_clean
주요중소도시,3단계 상대서열,읍면동,도시 내부,202301~202512,중소형,15,충청남도,천안시,천안시 동남구,안서동,805.0217765383182,828.6930897209085,96,3,2,2,중위권,,현재 DuckDB 재산출(도시 내부 3단계 상대서열),apartment.duckdb/v_sale_clean
주요중소도시,3단계 상대서열,읍면동,도시 내부,202301~202512,중소형,15,충청남도,천안시,천안시 동남구,다가동,831.9187916274303,825.6449769633855,178,3,2,2,중위권,,현재 DuckDB 재산출(도시 내부 3단계 상대서열),apartment.duckdb/v_sale_clean
주요중소도시,3단계 상대서열,읍면동,도시 내부,202301~202512,중소형,15,충청남도,천안시,천안시 동남구,구성동,797.6330992921364,818.5224349979528,136,3,2,2,중위권,,현재 DuckDB 재산출(도시 내부 3단계 상대서열),apartment.duckdb/v_sale_clean
주요중소도시,3단계 상대서열,읍면동,도시 내부,202301~202512,중소형,15,충청남도,천안시,천안시 서북구,쌍용동,875.76722440524,816.7233835683033,745,3,2,2,중위권,,현재 DuckDB 재산출(도시 내부 3단계 상대서열),apartment.duckdb/v_sale_clean
주요중소도시,3단계 상대서열,읍면동,도시 내부,202301~202512,중소형,15,충청남도,천안시,천안시 동남구,신방동,856.6778836288796,811.6186328908451,505,3,2,2,중위권,,현재 DuckDB 재산출(도시 내부 3단계 상대서열),apartment.duckdb/v_sale_clean
주요중소도시,3단계 상대서열,읍면동,도시 내부,202301~202512,중소형,15,충청남도,천안시,천안시 서북구,직산읍,871.0389504102774,797.8125924599121,180,3,3,1,하위권,,현재 DuckDB 재산출(도시 내부 3단계 상대서열),apartment.duckdb/v_sale_clean
주요중소도시,3단계 상대서열,읍면동,도시 내부,202301~202512,중소형,15,충청남도,천안시,천안시 서북구,성거읍,815.1692831336178,774.7337748070047,260,3,3,1,하위권,,현재 DuckDB 재산출(도시 내부 3단계 상대서열),apartment.duckdb/v_sale_clean
주요중소도시,3단계 상대서열,읍면동,도시 내부,202301~202512,중소형,15,충청남도,천안시,천안시 서북구,성정동,874.9142388779152,745.9485051699646,154,3,3,1,하위권,,현재 DuckDB 재산출(도시 내부 3단계 상대서열),apartment.duckdb/v_sale_clean
주요중소도시,3단계 상대서열,읍면동,도시 내부,202301~202512,중소형,15,충청남도,천안시,천안시 서북구,성환읍,727.283191536927,692.0834132336779,152,3,3,1,하위권,,현재 DuckDB 재산출(도시 내부 3단계 상대서열),apartment.duckdb/v_sale_clean
주요중소도시,3단계 상대서열,읍면동,도시 내부,202301~202512,중소형,15,충청남도,천안시,천안시 동남구,청수동,775.2956948272257,680.7790212692873,179,3,3,1,하위권,,현재 DuckDB 재산출(도시 내부 3단계 상대서열),apartment.duckdb/v_sale_clean
주요중소도시,3단계 상대서열,읍면동,도시 내부,202301~202512,중소형,15,충청남도,천안시,천안시 동남구,쌍용동,658.6068661805083,660.351624961648,26,3,3,1,하위권,,현재 DuckDB 재산출(도시 내부 3단계 상대서열),apartment.duckdb/v_sale_clean
주요중소도시,3단계 상대서열,읍면동,도시 내부,202301~202512,중소형,15,충청남도,천안시,천안시 동남구,목천읍,620.2332286238045,641.8622563597852,167,3,3,1,하위권,,현재 DuckDB 재산출(도시 내부 3단계 상대서열),apartment.duckdb/v_sale_clean
주요중소도시,3단계 상대서열,읍면동,도시 내부,202301~202512,중소형,15,충청남도,천안시,천안시 동남구,영성동,497.95701810333037,496.86614449285406,15,3,3,1,하위권,,현재 DuckDB 재산출(도시 내부 3단계 상대서열),apartment.duckdb/v_sale_clean
주요중소도시,3단계 상대서열,읍면동,도시 내부,202301~202512,중소형,15,충청북도,청주시,청주시 흥덕구,강서동,1976.3860220267284,2219.986057717003,56,3,1,3,상위권,,현재 DuckDB 재산출(도시 내부 3단계 상대서열),apartment.duckdb/v_sale_clean
주요중소도시,3단계 상대서열,읍면동,도시 내부,202301~202512,중소형,15,충청북도,청주시,청주시 흥덕구,문암동,2076.776091776731,2081.5228623577254,140,3,1,3,상위권,,현재 DuckDB 재산출(도시 내부 3단계 상대서열),apartment.duckdb/v_sale_clean
주요중소도시,3단계 상대서열,읍면동,도시 내부,202301~202512,중소형,15,충청북도,청주시,청주시 흥덕구,복대동,1883.1846728274613,1943.6100272713625,1220,3,1,3,상위권,,현재 DuckDB 재산출(도시 내부 3단계 상대서열),apartment.duckdb/v_sale_clean
주요중소도시,3단계 상대서열,읍면동,도시 내부,202301~202512,중소형,15,충청북도,청주시,청주시 흥덕구,송절동,1747.282442090205,1746.9023656851416,575,3,1,3,상위권,,현재 DuckDB 재산출(도시 내부 3단계 상대서열),apartment.duckdb/v_sale_clean
주요중소도시,3단계 상대서열,읍면동,도시 내부,202301~202512,중소형,15,충청북도,청주시,청주시 상당구,방서동,1646.189358762412,1671.1808369103148,707,3,1,3,상위권,,현재 DuckDB 재산출(도시 내부 3단계 상대서열),apartment.duckdb/v_sale_clean
주요중소도시,3단계 상대서열,읍면동,도시 내부,202301~202512,중소형,15,충청북도,청주시,청주시 청원구,주중동,1654.0137988104843,1649.0331227599902,131,3,1,3,상위권,,현재 DuckDB 재산출(도시 내부 3단계 상대서열),apartment.duckdb/v_sale_clean
주요중소도시,3단계 상대서열,읍면동,도시 내부,202301~202512,중소형,15,충청북도,청주시,청주시 청원구,주성동,1618.857650352061,1624.416347695555,293,3,1,3,상위권,,현재 DuckDB 재산출(도시 내부 3단계 상대서열),apartment.duckdb/v_sale_clean
주요중소도시,3단계 상대서열,읍면동,도시 내부,202301~202512,중소형,15,충청북도,청주시,청주시 흥덕구,가경동,1612.9784657589037,1556.6378599155908,970,3,1,3,상위권,,현재 DuckDB 재산출(도시 내부 3단계 상대서열),apartment.duckdb/v_sale_clean
주요중소도시,3단계 상대서열,읍면동,도시 내부,202301~202512,중소형,15,충청북도,청주시,청주시 서원구,수곡동,1210.0402964887376,1551.1670282695536,377,3,1,3,상위권,,현재 DuckDB 재산출(도시 내부 3단계 상대서열),apartment.duckdb/v_sale_clean
주요중소도시,3단계 상대서열,읍면동,도시 내부,202301~202512,중소형,15,충청북도,청주시,청주시 흥덕구,비하동,1505.895510450084,1478.1238640569482,392,3,1,3,상위권,,현재 DuckDB 재산출(도시 내부 3단계 상대서열),apartment.duckdb/v_sale_clean
주요중소도시,3단계 상대서열,읍면동,도시 내부,202301~202512,중소형,15,충청북도,청주시,청주시 상당구,북문로3가,1408.4009288993177,1433.2646828072948,124,3,1,3,상위권,,현재 DuckDB 재산출(도시 내부 3단계 상대서열),apartment.duckdb/v_sale_clean
주요중소도시,3단계 상대서열,읍면동,도시 내부,202301~202512,중소형,15,충청북도,청주시,청주시 상당구,탑동,1232.5692343439887,1402.621948481501,265,3,1,3,상위권,,현재 DuckDB 재산출(도시 내부 3단계 상대서열),apartment.duckdb/v_sale_clean
주요중소도시,3단계 상대서열,읍면동,도시 내부,202301~202512,중소형,15,충청북도,청주시,청주시 상당구,용정동,1355.871384270852,1400.7564084605688,156,3,1,3,상위권,,현재 DuckDB 재산출(도시 내부 3단계 상대서열),apartment.duckdb/v_sale_clean
주요중소도시,3단계 상대서열,읍면동,도시 내부,202301~202512,중소형,15,충청북도,청주시,청주시 상당구,문화동,1382.034130692615,1388.9820767036756,75,3,2,2,중위권,,현재 DuckDB 재산출(도시 내부 3단계 상대서열),apartment.duckdb/v_sale_clean
주요중소도시,3단계 상대서열,읍면동,도시 내부,202301~202512,중소형,15,충청북도,청주시,청주시 서원구,모충동,1198.0475034641865,1380.0464503802111,586,3,2,2,중위권,,현재 DuckDB 재산출(도시 내부 3단계 상대서열),apartment.duckdb/v_sale_clean
주요중소도시,3단계 상대서열,읍면동,도시 내부,202301~202512,중소형,15,충청북도,청주시,청주시 흥덕구,오송읍,1387.7425162642612,1363.0128339438643,303,3,2,2,중위권,,현재 DuckDB 재산출(도시 내부 3단계 상대서열),apartment.duckdb/v_sale_clean
주요중소도시,3단계 상대서열,읍면동,도시 내부,202301~202512,중소형,15,충청북도,청주시,청주시 흥덕구,옥산면,1285.2286282821915,1334.5624536806154,438,3,2,2,중위권,,현재 DuckDB 재산출(도시 내부 3단계 상대서열),apartment.duckdb/v_sale_clean
주요중소도시,3단계 상대서열,읍면동,도시 내부,202301~202512,중소형,15,충청북도,청주시,청주시 청원구,오창읍,1369.1488002596752,1322.8540853133695,1334,3,2,2,중위권,,현재 DuckDB 재산출(도시 내부 3단계 상대서열),apartment.duckdb/v_sale_clean
주요중소도시,3단계 상대서열,읍면동,도시 내부,202301~202512,중소형,15,충청북도,청주시,청주시 서원구,성화동,1278.2792461412087,1285.5822380529771,320,3,2,2,중위권,,현재 DuckDB 재산출(도시 내부 3단계 상대서열),apartment.duckdb/v_sale_clean
주요중소도시,3단계 상대서열,읍면동,도시 내부,202301~202512,중소형,15,충청북도,청주시,청주시 서원구,남이면,1269.9368584236436,1278.6488914748472,154,3,2,2,중위권,,현재 DuckDB 재산출(도시 내부 3단계 상대서열),apartment.duckdb/v_sale_clean
주요중소도시,3단계 상대서열,읍면동,도시 내부,202301~202512,중소형,15,충청북도,청주시,청주시 상당구,용암동,1282.3089338462687,1265.3964992083138,1036,3,2,2,중위권,,현재 DuckDB 재산출(도시 내부 3단계 상대서열),apartment.duckdb/v_sale_clean
주요중소도시,3단계 상대서열,읍면동,도시 내부,202301~202512,중소형,15,충청북도,청주시,청주시 서원구,사직동,1147.1287337605745,1229.8774039403077,358,3,2,2,중위권,,현재 DuckDB 재산출(도시 내부 3단계 상대서열),apartment.duckdb/v_sale_clean
주요중소도시,3단계 상대서열,읍면동,도시 내부,202301~202512,중소형,15,충청북도,청주시,청주시 서원구,산남동,1189.3384665379212,1186.2046499377846,425,3,2,2,중위권,,현재 DuckDB 재산출(도시 내부 3단계 상대서열),apartment.duckdb/v_sale_clean
주요중소도시,3단계 상대서열,읍면동,도시 내부,202301~202512,중소형,15,충청북도,청주시,청주시 청원구,내덕동,1127.4711432615022,1167.811085847681,270,3,2,2,중위권,,현재 DuckDB 재산출(도시 내부 3단계 상대서열),apartment.duckdb/v_sale_clean
주요중소도시,3단계 상대서열,읍면동,도시 내부,202301~202512,중소형,15,충청북도,청주시,청주시 상당구,용담동,1160.2532596187941,1077.3857604024367,368,3,2,2,중위권,,현재 DuckDB 재산출(도시 내부 3단계 상대서열),apartment.duckdb/v_sale_clean
주요중소도시,3단계 상대서열,읍면동,도시 내부,202301~202512,중소형,15,충청북도,청주시,청주시 흥덕구,강내면,977.8456015617388,997.8801308428255,120,3,2,2,중위권,,현재 DuckDB 재산출(도시 내부 3단계 상대서열),apartment.duckdb/v_sale_clean
주요중소도시,3단계 상대서열,읍면동,도시 내부,202301~202512,중소형,15,충청북도,청주시,청주시 흥덕구,봉명동,934.6166740688113,877.3552987139756,210,3,3,1,하위권,,현재 DuckDB 재산출(도시 내부 3단계 상대서열),apartment.duckdb/v_sale_clean
주요중소도시,3단계 상대서열,읍면동,도시 내부,202301~202512,중소형,15,충청북도,청주시,청주시 상당구,금천동,929.3261887949072,871.4104781294109,861,3,3,1,하위권,,현재 DuckDB 재산출(도시 내부 3단계 상대서열),apartment.duckdb/v_sale_clean
주요중소도시,3단계 상대서열,읍면동,도시 내부,202301~202512,중소형,15,충청북도,청주시,청주시 서원구,개신동,876.5940604014132,864.3613759418328,433,3,3,1,하위권,,현재 DuckDB 재산출(도시 내부 3단계 상대서열),apartment.duckdb/v_sale_clean
주요중소도시,3단계 상대서열,읍면동,도시 내부,202301~202512,중소형,15,충청북도,청주시,청주시 서원구,분평동,832.914812174593,829.366585871565,397,3,3,1,하위권,,현재 DuckDB 재산출(도시 내부 3단계 상대서열),apartment.duckdb/v_sale_clean
주요중소도시,3단계 상대서열,읍면동,도시 내부,202301~202512,중소형,15,충청북도,청주시,청주시 청원구,율량동,959.5039891429061,797.7938082444208,583,3,3,1,하위권,,현재 DuckDB 재산출(도시 내부 3단계 상대서열),apartment.duckdb/v_sale_clean
주요중소도시,3단계 상대서열,읍면동,도시 내부,202301~202512,중소형,15,충청북도,청주시,청주시 청원구,사천동,1024.6009716992403,740.595653288196,245,3,3,1,하위권,,현재 DuckDB 재산출(도시 내부 3단계 상대서열),apartment.duckdb/v_sale_clean
주요중소도시,3단계 상대서열,읍면동,도시 내부,202301~202512,중소형,15,충청북도,청주시,청주시 흥덕구,운천동,725.8623797389313,719.5790656946516,42,3,3,1,하위권,,현재 DuckDB 재산출(도시 내부 3단계 상대서열),apartment.duckdb/v_sale_clean
주요중소도시,3단계 상대서열,읍면동,도시 내부,202301~202512,중소형,15,충청북도,청주시,청주시 흥덕구,신봉동,743.5000493924235,679.6859544871098,140,3,3,1,하위권,,현재 DuckDB 재산출(도시 내부 3단계 상대서열),apartment.duckdb/v_sale_clean
주요중소도시,3단계 상대서열,읍면동,도시 내부,202301~202512,중소형,15,충청북도,청주시,청주시 서원구,사창동,713.9922574371479,630.574177199226,81,3,3,1,하위권,,현재 DuckDB 재산출(도시 내부 3단계 상대서열),apartment.duckdb/v_sale_clean
주요중소도시,3단계 상대서열,읍면동,도시 내부,202301~202512,중소형,15,충청북도,청주시,청주시 상당구,대성동,574.3963357887881,603.1744487520613,56,3,3,1,하위권,,현재 DuckDB 재산출(도시 내부 3단계 상대서열),apartment.duckdb/v_sale_clean
주요중소도시,3단계 상대서열,읍면동,도시 내부,202301~202512,중소형,15,충청북도,청주시,청주시 상당구,영동,594.9936447941495,601.060029454354,20,3,3,1,하위권,,현재 DuckDB 재산출(도시 내부 3단계 상대서열),apartment.duckdb/v_sale_clean
주요중소도시,3단계 상대서열,읍면동,도시 내부,202301~202512,중소형,15,충청북도,청주시,청주시 상당구,영운동,532.0271820071346,533.0022081520053,94,3,3,1,하위권,,현재 DuckDB 재산출(도시 내부 3단계 상대서열),apartment.duckdb/v_sale_clean
주요중소도시,3단계 상대서열,읍면동,도시 내부,202301~202512,중소형,15,충청북도,청주시,청주시 청원구,우암동,578.0773618363454,449.36795420354423,23,3,3,1,하위권,,현재 DuckDB 재산출(도시 내부 3단계 상대서열),apartment.duckdb/v_sale_clean
