분석권역,서열체계,급지레벨,비교집단,기준기간,전용면적_구분,최소거래건수,시도,시군구,읍면동,평단가_평균,평단가_중앙값,거래건수,서열단계수,급지,급지_점수,급지그룹,비고,산정방식,데이터출처
지방광역시,5단계 상대서열,읍면동,광역시 내부,202301~202512,중소형,20,광주광역시,북구,우산동,2256.988928469988,2405.651178243571,125,5,1,5,상위권,,현재 DuckDB 재산출(광역시 내부 5단계 상대서열),apartment.duckdb/v_sale_clean
지방광역시,5단계 상대서열,읍면동,광역시 내부,202301~202512,중소형,20,광주광역시,광산구,쌍암동,2331.2971917147524,2373.5039472181697,242,5,1,5,상위권,,현재 DuckDB 재산출(광역시 내부 5단계 상대서열),apartment.duckdb/v_sale_clean
지방광역시,5단계 상대서열,읍면동,광역시 내부,202301~202512,중소형,20,광주광역시,동구,학동,1780.5135841668382,2162.523330412174,276,5,1,5,상위권,,현재 DuckDB 재산출(광역시 내부 5단계 상대서열),apartment.duckdb/v_sale_clean
지방광역시,5단계 상대서열,읍면동,광역시 내부,202301~202512,중소형,20,광주광역시,광산구,수완동,2129.289475136421,2142.6440426233853,374,5,1,5,상위권,,현재 DuckDB 재산출(광역시 내부 5단계 상대서열),apartment.duckdb/v_sale_clean
지방광역시,5단계 상대서열,읍면동,광역시 내부,202301~202512,중소형,20,광주광역시,북구,임동,1961.963975674088,2140.2813142953887,130,5,1,5,상위권,,현재 DuckDB 재산출(광역시 내부 5단계 상대서열),apartment.duckdb/v_sale_clean
지방광역시,5단계 상대서열,읍면동,광역시 내부,202301~202512,중소형,20,광주광역시,서구,농성동,1769.882493387256,2089.495793864804,185,5,1,5,상위권,,현재 DuckDB 재산출(광역시 내부 5단계 상대서열),apartment.duckdb/v_sale_clean
지방광역시,5단계 상대서열,읍면동,광역시 내부,202301~202512,중소형,20,광주광역시,서구,광천동,2105.4740868359863,2056.0859555300735,111,5,1,5,상위권,,현재 DuckDB 재산출(광역시 내부 5단계 상대서열),apartment.duckdb/v_sale_clean
지방광역시,5단계 상대서열,읍면동,광역시 내부,202301~202512,중소형,20,광주광역시,서구,화정동,1818.7630342654925,2013.2317861939691,862,5,1,5,상위권,,현재 DuckDB 재산출(광역시 내부 5단계 상대서열),apartment.duckdb/v_sale_clean
지방광역시,5단계 상대서열,읍면동,광역시 내부,202301~202512,중소형,20,광주광역시,동구,계림동,2031.1443603346834,2001.2201569811473,706,5,1,5,상위권,,현재 DuckDB 재산출(광역시 내부 5단계 상대서열),apartment.duckdb/v_sale_clean
지방광역시,5단계 상대서열,읍면동,광역시 내부,202301~202512,중소형,20,광주광역시,서구,마륵동,1882.1365280914113,1962.2559479730598,119,5,1,5,상위권,,현재 DuckDB 재산출(광역시 내부 5단계 상대서열),apartment.duckdb/v_sale_clean
지방광역시,5단계 상대서열,읍면동,광역시 내부,202301~202512,중소형,20,광주광역시,북구,풍향동,1845.6807334743048,1839.8795606282035,89,5,1,5,상위권,,현재 DuckDB 재산출(광역시 내부 5단계 상대서열),apartment.duckdb/v_sale_clean
지방광역시,5단계 상대서열,읍면동,광역시 내부,202301~202512,중소형,20,광주광역시,광산구,신가동,1700.799156121132,1810.8151107731096,792,5,1,5,상위권,,현재 DuckDB 재산출(광역시 내부 5단계 상대서열),apartment.duckdb/v_sale_clean
지방광역시,5단계 상대서열,읍면동,광역시 내부,202301~202512,중소형,20,광주광역시,남구,월산동,1541.4407708998704,1808.9079555567655,271,5,1,5,상위권,,현재 DuckDB 재산출(광역시 내부 5단계 상대서열),apartment.duckdb/v_sale_clean
지방광역시,5단계 상대서열,읍면동,광역시 내부,202301~202512,중소형,20,광주광역시,북구,신용동,1732.5833921701703,1788.8365838950567,1005,5,1,5,상위권,,현재 DuckDB 재산출(광역시 내부 5단계 상대서열),apartment.duckdb/v_sale_clean
지방광역시,5단계 상대서열,읍면동,광역시 내부,202301~202512,중소형,20,광주광역시,남구,임암동,1772.6911355638956,1770.0421188330033,405,5,1,5,상위권,,현재 DuckDB 재산출(광역시 내부 5단계 상대서열),apartment.duckdb/v_sale_clean
지방광역시,5단계 상대서열,읍면동,광역시 내부,202301~202512,중소형,20,광주광역시,북구,본촌동,1591.424945951695,1769.617296729506,283,5,2,4,상위권,,현재 DuckDB 재산출(광역시 내부 5단계 상대서열),apartment.duckdb/v_sale_clean
지방광역시,5단계 상대서열,읍면동,광역시 내부,202301~202512,중소형,20,광주광역시,동구,용산동,1728.4850626198106,1752.1333976249482,227,5,2,4,상위권,,현재 DuckDB 재산출(광역시 내부 5단계 상대서열),apartment.duckdb/v_sale_clean
지방광역시,5단계 상대서열,읍면동,광역시 내부,202301~202512,중소형,20,광주광역시,북구,유동,1710.2141938982984,1710.1252738829905,57,5,2,4,상위권,,현재 DuckDB 재산출(광역시 내부 5단계 상대서열),apartment.duckdb/v_sale_clean
지방광역시,5단계 상대서열,읍면동,광역시 내부,202301~202512,중소형,20,광주광역시,광산구,장덕동,1668.7216793890118,1677.9914174115788,660,5,2,4,상위권,,현재 DuckDB 재산출(광역시 내부 5단계 상대서열),apartment.duckdb/v_sale_clean
지방광역시,5단계 상대서열,읍면동,광역시 내부,202301~202512,중소형,20,광주광역시,북구,중흥동,1714.9089555480214,1676.4447771538853,208,5,2,4,상위권,,현재 DuckDB 재산출(광역시 내부 5단계 상대서열),apartment.duckdb/v_sale_clean
지방광역시,5단계 상대서열,읍면동,광역시 내부,202301~202512,중소형,20,광주광역시,남구,봉선동,1968.6054969970305,1675.6897363029414,513,5,2,4,상위권,,현재 DuckDB 재산출(광역시 내부 5단계 상대서열),apartment.duckdb/v_sale_clean
지방광역시,5단계 상대서열,읍면동,광역시 내부,202301~202512,중소형,20,광주광역시,동구,산수동,1442.0439833458827,1673.5649815167883,273,5,2,4,상위권,,현재 DuckDB 재산출(광역시 내부 5단계 상대서열),apartment.duckdb/v_sale_clean
지방광역시,5단계 상대서열,읍면동,광역시 내부,202301~202512,중소형,20,광주광역시,남구,주월동,1459.1764863901542,1654.0620811726296,395,5,2,4,상위권,,현재 DuckDB 재산출(광역시 내부 5단계 상대서열),apartment.duckdb/v_sale_clean
지방광역시,5단계 상대서열,읍면동,광역시 내부,202301~202512,중소형,20,광주광역시,광산구,흑석동,1664.9105054479335,1653.0805416302212,132,5,2,4,상위권,,현재 DuckDB 재산출(광역시 내부 5단계 상대서열),apartment.duckdb/v_sale_clean
지방광역시,5단계 상대서열,읍면동,광역시 내부,202301~202512,중소형,20,광주광역시,북구,용두동,1602.778814055243,1633.7908242631281,257,5,2,4,상위권,,현재 DuckDB 재산출(광역시 내부 5단계 상대서열),apartment.duckdb/v_sale_clean
지방광역시,5단계 상대서열,읍면동,광역시 내부,202301~202512,중소형,20,광주광역시,동구,소태동,1378.8432516537234,1629.2659146350852,210,5,2,4,상위권,,현재 DuckDB 재산출(광역시 내부 5단계 상대서열),apartment.duckdb/v_sale_clean
지방광역시,5단계 상대서열,읍면동,광역시 내부,202301~202512,중소형,20,광주광역시,북구,연제동,1422.265288582028,1594.2238017838538,546,5,2,4,상위권,,현재 DuckDB 재산출(광역시 내부 5단계 상대서열),apartment.duckdb/v_sale_clean
지방광역시,5단계 상대서열,읍면동,광역시 내부,202301~202512,중소형,20,광주광역시,서구,치평동,1703.3544588143513,1568.758051935532,274,5,2,4,상위권,,현재 DuckDB 재산출(광역시 내부 5단계 상대서열),apartment.duckdb/v_sale_clean
지방광역시,5단계 상대서열,읍면동,광역시 내부,202301~202512,중소형,20,광주광역시,광산구,선암동,1528.173565158866,1555.980275499339,347,5,2,4,상위권,,현재 DuckDB 재산출(광역시 내부 5단계 상대서열),apartment.duckdb/v_sale_clean
지방광역시,5단계 상대서열,읍면동,광역시 내부,202301~202512,중소형,20,광주광역시,북구,동림동,1309.5218809268574,1552.1779950584914,463,5,2,4,상위권,,현재 DuckDB 재산출(광역시 내부 5단계 상대서열),apartment.duckdb/v_sale_clean
지방광역시,5단계 상대서열,읍면동,광역시 내부,202301~202512,중소형,20,광주광역시,광산구,우산동,1480.3006192185376,1521.4137496929748,462,5,3,3,중위권,,현재 DuckDB 재산출(광역시 내부 5단계 상대서열),apartment.duckdb/v_sale_clean
지방광역시,5단계 상대서열,읍면동,광역시 내부,202301~202512,중소형,20,광주광역시,북구,각화동,1446.2596269872645,1509.6334214115366,533,5,3,3,중위권,,현재 DuckDB 재산출(광역시 내부 5단계 상대서열),apartment.duckdb/v_sale_clean
지방광역시,5단계 상대서열,읍면동,광역시 내부,202301~202512,중소형,20,광주광역시,북구,삼각동,1249.528646501447,1480.4132685115953,189,5,3,3,중위권,,현재 DuckDB 재산출(광역시 내부 5단계 상대서열),apartment.duckdb/v_sale_clean
지방광역시,5단계 상대서열,읍면동,광역시 내부,202301~202512,중소형,20,광주광역시,서구,동천동,1524.7194552528188,1401.1620507007442,257,5,3,3,중위권,,현재 DuckDB 재산출(광역시 내부 5단계 상대서열),apartment.duckdb/v_sale_clean
지방광역시,5단계 상대서열,읍면동,광역시 내부,202301~202512,중소형,20,광주광역시,남구,압촌동,1380.4403824457625,1400.6723285538405,44,5,3,3,중위권,,현재 DuckDB 재산출(광역시 내부 5단계 상대서열),apartment.duckdb/v_sale_clean
지방광역시,5단계 상대서열,읍면동,광역시 내부,202301~202512,중소형,20,광주광역시,남구,행암동,1398.9198435082137,1361.5259983389383,233,5,3,3,중위권,,현재 DuckDB 재산출(광역시 내부 5단계 상대서열),apartment.duckdb/v_sale_clean
지방광역시,5단계 상대서열,읍면동,광역시 내부,202301~202512,중소형,20,광주광역시,동구,지산동,1091.472195765042,1330.7185880375403,37,5,3,3,중위권,,현재 DuckDB 재산출(광역시 내부 5단계 상대서열),apartment.duckdb/v_sale_clean
지방광역시,5단계 상대서열,읍면동,광역시 내부,202301~202512,중소형,20,광주광역시,남구,방림동,1200.9225191135886,1325.2295546069122,229,5,3,3,중위권,,현재 DuckDB 재산출(광역시 내부 5단계 상대서열),apartment.duckdb/v_sale_clean
지방광역시,5단계 상대서열,읍면동,광역시 내부,202301~202512,중소형,20,광주광역시,남구,서동,1122.523135316057,1322.6703925513584,50,5,3,3,중위권,,현재 DuckDB 재산출(광역시 내부 5단계 상대서열),apartment.duckdb/v_sale_clean
지방광역시,5단계 상대서열,읍면동,광역시 내부,202301~202512,중소형,20,광주광역시,동구,선교동,1315.5163509135166,1309.994282339367,22,5,3,3,중위권,,현재 DuckDB 재산출(광역시 내부 5단계 상대서열),apartment.duckdb/v_sale_clean
지방광역시,5단계 상대서열,읍면동,광역시 내부,202301~202512,중소형,20,광주광역시,남구,양림동,1316.9086197380777,1308.876253385354,74,5,3,3,중위권,,현재 DuckDB 재산출(광역시 내부 5단계 상대서열),apartment.duckdb/v_sale_clean
지방광역시,5단계 상대서열,읍면동,광역시 내부,202301~202512,중소형,20,광주광역시,남구,백운동,1263.0586933409934,1285.1167253921294,264,5,3,3,중위권,,현재 DuckDB 재산출(광역시 내부 5단계 상대서열),apartment.duckdb/v_sale_clean
지방광역시,5단계 상대서열,읍면동,광역시 내부,202301~202512,중소형,20,광주광역시,광산구,신창동,1220.2606485403228,1217.4055821021389,795,5,3,3,중위권,,현재 DuckDB 재산출(광역시 내부 5단계 상대서열),apartment.duckdb/v_sale_clean
지방광역시,5단계 상대서열,읍면동,광역시 내부,202301~202512,중소형,20,광주광역시,동구,월남동,1178.141481812441,1174.1438530005685,43,5,3,3,중위권,,현재 DuckDB 재산출(광역시 내부 5단계 상대서열),apartment.duckdb/v_sale_clean
지방광역시,5단계 상대서열,읍면동,광역시 내부,202301~202512,중소형,20,광주광역시,광산구,하남동,1318.6673668057438,1169.226450887744,254,5,3,3,중위권,,현재 DuckDB 재산출(광역시 내부 5단계 상대서열),apartment.duckdb/v_sale_clean
지방광역시,5단계 상대서열,읍면동,광역시 내부,202301~202512,중소형,20,광주광역시,서구,양동,1055.196756653096,1168.5348617769325,87,5,4,2,중위권,,현재 DuckDB 재산출(광역시 내부 5단계 상대서열),apartment.duckdb/v_sale_clean
지방광역시,5단계 상대서열,읍면동,광역시 내부,202301~202512,중소형,20,광주광역시,남구,지석동,1230.2248012173811,1162.570022551094,86,5,4,2,중위권,,현재 DuckDB 재산출(광역시 내부 5단계 상대서열),apartment.duckdb/v_sale_clean
지방광역시,5단계 상대서열,읍면동,광역시 내부,202301~202512,중소형,20,광주광역시,서구,금호동,1240.0629103001734,1159.1998490784035,781,5,4,2,중위권,,현재 DuckDB 재산출(광역시 내부 5단계 상대서열),apartment.duckdb/v_sale_clean
지방광역시,5단계 상대서열,읍면동,광역시 내부,202301~202512,중소형,20,광주광역시,광산구,산정동,1274.1914715293399,1149.7393433729483,261,5,4,2,중위권,,현재 DuckDB 재산출(광역시 내부 5단계 상대서열),apartment.duckdb/v_sale_clean
지방광역시,5단계 상대서열,읍면동,광역시 내부,202301~202512,중소형,20,광주광역시,남구,노대동,1182.6902821449573,1148.2537314409053,90,5,4,2,중위권,,현재 DuckDB 재산출(광역시 내부 5단계 상대서열),apartment.duckdb/v_sale_clean
지방광역시,5단계 상대서열,읍면동,광역시 내부,202301~202512,중소형,20,광주광역시,서구,유촌동,1145.548334042043,1147.956261606074,70,5,4,2,중위권,,현재 DuckDB 재산출(광역시 내부 5단계 상대서열),apartment.duckdb/v_sale_clean
지방광역시,5단계 상대서열,읍면동,광역시 내부,202301~202512,중소형,20,광주광역시,광산구,산월동,1125.9814606237069,1127.9476639284992,647,5,4,2,중위권,,현재 DuckDB 재산출(광역시 내부 5단계 상대서열),apartment.duckdb/v_sale_clean
지방광역시,5단계 상대서열,읍면동,광역시 내부,202301~202512,중소형,20,광주광역시,광산구,도산동,1177.3324877256237,1117.795130310677,128,5,4,2,중위권,,현재 DuckDB 재산출(광역시 내부 5단계 상대서열),apartment.duckdb/v_sale_clean
지방광역시,5단계 상대서열,읍면동,광역시 내부,202301~202512,중소형,20,광주광역시,서구,풍암동,1127.1796853968806,1100.7410584577603,279,5,4,2,중위권,,현재 DuckDB 재산출(광역시 내부 5단계 상대서열),apartment.duckdb/v_sale_clean
지방광역시,5단계 상대서열,읍면동,광역시 내부,202301~202512,중소형,20,광주광역시,서구,쌍촌동,1178.8755869965096,1091.7903216687237,506,5,4,2,중위권,,현재 DuckDB 재산출(광역시 내부 5단계 상대서열),apartment.duckdb/v_sale_clean
지방광역시,5단계 상대서열,읍면동,광역시 내부,202301~202512,중소형,20,광주광역시,광산구,운남동,1171.126743246996,1072.420560446985,395,5,4,2,중위권,,현재 DuckDB 재산출(광역시 내부 5단계 상대서열),apartment.duckdb/v_sale_clean
지방광역시,5단계 상대서열,읍면동,광역시 내부,202301~202512,중소형,20,광주광역시,광산구,송정동,1160.7376711306038,1065.0030576335491,121,5,4,2,중위권,,현재 DuckDB 재산출(광역시 내부 5단계 상대서열),apartment.duckdb/v_sale_clean
지방광역시,5단계 상대서열,읍면동,광역시 내부,202301~202512,중소형,20,광주광역시,남구,송하동,1115.0222948138678,1057.2617014840969,72,5,4,2,중위권,,현재 DuckDB 재산출(광역시 내부 5단계 상대서열),apartment.duckdb/v_sale_clean
지방광역시,5단계 상대서열,읍면동,광역시 내부,202301~202512,중소형,20,광주광역시,북구,양산동,1058.2509674379999,1039.7326329481439,163,5,4,2,중위권,,현재 DuckDB 재산출(광역시 내부 5단계 상대서열),apartment.duckdb/v_sale_clean
지방광역시,5단계 상대서열,읍면동,광역시 내부,202301~202512,중소형,20,광주광역시,서구,내방동,1005.3436154003681,1024.3326196093421,58,5,4,2,중위권,,현재 DuckDB 재산출(광역시 내부 5단계 상대서열),apartment.duckdb/v_sale_clean
지방광역시,5단계 상대서열,읍면동,광역시 내부,202301~202512,중소형,20,광주광역시,북구,매곡동,955.705447615284,1012.9784750255807,174,5,5,1,하위권,,현재 DuckDB 재산출(광역시 내부 5단계 상대서열),apartment.duckdb/v_sale_clean
지방광역시,5단계 상대서열,읍면동,광역시 내부,202301~202512,중소형,20,광주광역시,북구,운암동,1090.7647477414391,1001.8109487041512,575,5,5,1,하위권,,현재 DuckDB 재산출(광역시 내부 5단계 상대서열),apartment.duckdb/v_sale_clean
지방광역시,5단계 상대서열,읍면동,광역시 내부,202301~202512,중소형,20,광주광역시,광산구,월계동,1024.5665877105841,993.8961810619564,99,5,5,1,하위권,,현재 DuckDB 재산출(광역시 내부 5단계 상대서열),apartment.duckdb/v_sale_clean
지방광역시,5단계 상대서열,읍면동,광역시 내부,202301~202512,중소형,20,광주광역시,북구,일곡동,986.6977255189345,975.5031645322657,176,5,5,1,하위권,,현재 DuckDB 재산출(광역시 내부 5단계 상대서열),apartment.duckdb/v_sale_clean
지방광역시,5단계 상대서열,읍면동,광역시 내부,202301~202512,중소형,20,광주광역시,남구,진월동,1002.2450784881567,964.9655258283918,413,5,5,1,하위권,,현재 DuckDB 재산출(광역시 내부 5단계 상대서열),apartment.duckdb/v_sale_clean
지방광역시,5단계 상대서열,읍면동,광역시 내부,202301~202512,중소형,20,광주광역시,북구,용봉동,996.4082405700414,925.790833723561,487,5,5,1,하위권,,현재 DuckDB 재산출(광역시 내부 5단계 상대서열),apartment.duckdb/v_sale_clean
지방광역시,5단계 상대서열,읍면동,광역시 내부,202301~202512,중소형,20,광주광역시,광산구,소촌동,1033.046927840252,893.2983499755499,167,5,5,1,하위권,,현재 DuckDB 재산출(광역시 내부 5단계 상대서열),apartment.duckdb/v_sale_clean
지방광역시,5단계 상대서열,읍면동,광역시 내부,202301~202512,중소형,20,광주광역시,광산구,월곡동,860.2188895204379,819.7129248235423,289,5,5,1,하위권,,현재 DuckDB 재산출(광역시 내부 5단계 상대서열),apartment.duckdb/v_sale_clean
지방광역시,5단계 상대서열,읍면동,광역시 내부,202301~202512,중소형,20,광주광역시,광산구,신촌동,775.7041804591369,772.6675425370819,24,5,5,1,하위권,,현재 DuckDB 재산출(광역시 내부 5단계 상대서열),apartment.duckdb/v_sale_clean
지방광역시,5단계 상대서열,읍면동,광역시 내부,202301~202512,중소형,20,광주광역시,동구,운림동,794.4131539254622,771.2330087727754,57,5,5,1,하위권,,현재 DuckDB 재산출(광역시 내부 5단계 상대서열),apartment.duckdb/v_sale_clean
지방광역시,5단계 상대서열,읍면동,광역시 내부,202301~202512,중소형,20,광주광역시,북구,신안동,785.1483374919009,739.810569556795,44,5,5,1,하위권,,현재 DuckDB 재산출(광역시 내부 5단계 상대서열),apartment.duckdb/v_sale_clean
지방광역시,5단계 상대서열,읍면동,광역시 내부,202301~202512,중소형,20,광주광역시,북구,문흥동,754.4543539151313,733.9689504939929,232,5,5,1,하위권,,현재 DuckDB 재산출(광역시 내부 5단계 상대서열),apartment.duckdb/v_sale_clean
지방광역시,5단계 상대서열,읍면동,광역시 내부,202301~202512,중소형,20,광주광역시,북구,두암동,706.9632071527711,661.935772761343,187,5,5,1,하위권,,현재 DuckDB 재산출(광역시 내부 5단계 상대서열),apartment.duckdb/v_sale_clean
지방광역시,5단계 상대서열,읍면동,광역시 내부,202301~202512,중소형,20,광주광역시,북구,오치동,649.0896486182836,622.7049915642933,110,5,5,1,하위권,,현재 DuckDB 재산출(광역시 내부 5단계 상대서열),apartment.duckdb/v_sale_clean
지방광역시,5단계 상대서열,읍면동,광역시 내부,202301~202512,중소형,20,대구광역시,수성구,범어동,3529.991382047861,3366.4030326805805,1943,5,1,5,상위권,,현재 DuckDB 재산출(광역시 내부 5단계 상대서열),apartment.duckdb/v_sale_clean
지방광역시,5단계 상대서열,읍면동,광역시 내부,202301~202512,중소형,20,대구광역시,수성구,황금동,2538.972771143632,2608.516881591262,661,5,1,5,상위권,,현재 DuckDB 재산출(광역시 내부 5단계 상대서열),apartment.duckdb/v_sale_clean
지방광역시,5단계 상대서열,읍면동,광역시 내부,202301~202512,중소형,20,대구광역시,수성구,수성동1가,2307.047298536196,2528.7089678309903,268,5,1,5,상위권,,현재 DuckDB 재산출(광역시 내부 5단계 상대서열),apartment.duckdb/v_sale_clean
지방광역시,5단계 상대서열,읍면동,광역시 내부,202301~202512,중소형,20,대구광역시,수성구,두산동,2426.1551573294273,2497.87777962083,87,5,1,5,상위권,,현재 DuckDB 재산출(광역시 내부 5단계 상대서열),apartment.duckdb/v_sale_clean
지방광역시,5단계 상대서열,읍면동,광역시 내부,202301~202512,중소형,20,대구광역시,수성구,중동,2279.701863801239,2293.8828900346234,409,5,1,5,상위권,,현재 DuckDB 재산출(광역시 내부 5단계 상대서열),apartment.duckdb/v_sale_clean
지방광역시,5단계 상대서열,읍면동,광역시 내부,202301~202512,중소형,20,대구광역시,중구,남산동,2198.227318893654,2284.2654979921845,1061,5,1,5,상위권,,현재 DuckDB 재산출(광역시 내부 5단계 상대서열),apartment.duckdb/v_sale_clean
지방광역시,5단계 상대서열,읍면동,광역시 내부,202301~202512,중소형,20,대구광역시,중구,달성동,2189.986230907426,2259.108002130233,114,5,1,5,상위권,,현재 DuckDB 재산출(광역시 내부 5단계 상대서열),apartment.duckdb/v_sale_clean
지방광역시,5단계 상대서열,읍면동,광역시 내부,202301~202512,중소형,20,대구광역시,수성구,만촌동,2646.529225519502,2257.8372255073323,785,5,1,5,상위권,,현재 DuckDB 재산출(광역시 내부 5단계 상대서열),apartment.duckdb/v_sale_clean
지방광역시,5단계 상대서열,읍면동,광역시 내부,202301~202512,중소형,20,대구광역시,중구,동산동,2142.149350253082,2220.7578856409623,58,5,1,5,상위권,,현재 DuckDB 재산출(광역시 내부 5단계 상대서열),apartment.duckdb/v_sale_clean
지방광역시,5단계 상대서열,읍면동,광역시 내부,202301~202512,중소형,20,대구광역시,수성구,상동,1947.4330076478902,2191.626165904526,66,5,1,5,상위권,,현재 DuckDB 재산출(광역시 내부 5단계 상대서열),apartment.duckdb/v_sale_clean
지방광역시,5단계 상대서열,읍면동,광역시 내부,202301~202512,중소형,20,대구광역시,서구,내당동,1923.2569859340986,2179.760021266673,350,5,1,5,상위권,,현재 DuckDB 재산출(광역시 내부 5단계 상대서열),apartment.duckdb/v_sale_clean
지방광역시,5단계 상대서열,읍면동,광역시 내부,202301~202512,중소형,20,대구광역시,달서구,대천동,1927.2918621472002,2150.5415655060874,443,5,1,5,상위권,,현재 DuckDB 재산출(광역시 내부 5단계 상대서열),apartment.duckdb/v_sale_clean
지방광역시,5단계 상대서열,읍면동,광역시 내부,202301~202512,중소형,20,대구광역시,중구,대봉동,2031.6309586041702,2143.8782489886134,376,5,1,5,상위권,,현재 DuckDB 재산출(광역시 내부 5단계 상대서열),apartment.duckdb/v_sale_clean
지방광역시,5단계 상대서열,읍면동,광역시 내부,202301~202512,중소형,20,대구광역시,북구,고성동1가,2144.0259451855286,2124.004782529822,207,5,1,5,상위권,,현재 DuckDB 재산출(광역시 내부 5단계 상대서열),apartment.duckdb/v_sale_clean
지방광역시,5단계 상대서열,읍면동,광역시 내부,202301~202512,중소형,20,대구광역시,수성구,시지동,2149.8339774551405,2041.81806747637,281,5,1,5,상위권,,현재 DuckDB 재산출(광역시 내부 5단계 상대서열),apartment.duckdb/v_sale_clean
지방광역시,5단계 상대서열,읍면동,광역시 내부,202301~202512,중소형,20,대구광역시,서구,원대동3가,2048.9812210461523,2032.7790978954317,42,5,1,5,상위권,,현재 DuckDB 재산출(광역시 내부 5단계 상대서열),apartment.duckdb/v_sale_clean
지방광역시,5단계 상대서열,읍면동,광역시 내부,202301~202512,중소형,20,대구광역시,중구,대신동,1907.2930496901088,1965.7944945784216,279,5,1,5,상위권,,현재 DuckDB 재산출(광역시 내부 5단계 상대서열),apartment.duckdb/v_sale_clean
지방광역시,5단계 상대서열,읍면동,광역시 내부,202301~202512,중소형,20,대구광역시,남구,대명동,1613.5386976350258,1940.5858782534035,401,5,1,5,상위권,,현재 DuckDB 재산출(광역시 내부 5단계 상대서열),apartment.duckdb/v_sale_clean
지방광역시,5단계 상대서열,읍면동,광역시 내부,202301~202512,중소형,20,대구광역시,중구,동인동3가,1818.9563581174082,1938.0672424806392,32,5,1,5,상위권,,현재 DuckDB 재산출(광역시 내부 5단계 상대서열),apartment.duckdb/v_sale_clean
지방광역시,5단계 상대서열,읍면동,광역시 내부,202301~202512,중소형,20,대구광역시,중구,삼덕동3가,1912.893978163211,1914.4380028055305,77,5,1,5,상위권,,현재 DuckDB 재산출(광역시 내부 5단계 상대서열),apartment.duckdb/v_sale_clean
지방광역시,5단계 상대서열,읍면동,광역시 내부,202301~202512,중소형,20,대구광역시,북구,고성동3가,1910.0401119913927,1914.3633392075637,146,5,1,5,상위권,,현재 DuckDB 재산출(광역시 내부 5단계 상대서열),apartment.duckdb/v_sale_clean
지방광역시,5단계 상대서열,읍면동,광역시 내부,202301~202512,중소형,20,대구광역시,중구,수창동,1899.3166726793916,1874.6898523360505,341,5,2,4,상위권,,현재 DuckDB 재산출(광역시 내부 5단계 상대서열),apartment.duckdb/v_sale_clean
지방광역시,5단계 상대서열,읍면동,광역시 내부,202301~202512,중소형,20,대구광역시,동구,신암동,1816.3739110861059,1834.2129893351444,1320,5,2,4,상위권,,현재 DuckDB 재산출(광역시 내부 5단계 상대서열),apartment.duckdb/v_sale_clean
지방광역시,5단계 상대서열,읍면동,광역시 내부,202301~202512,중소형,20,대구광역시,달서구,두류동,1884.9053589399389,1809.0974257321739,199,5,2,4,상위권,,현재 DuckDB 재산출(광역시 내부 5단계 상대서열),apartment.duckdb/v_sale_clean
지방광역시,5단계 상대서열,읍면동,광역시 내부,202301~202512,중소형,20,대구광역시,달서구,감삼동,1907.906964258767,1802.1326516152808,539,5,2,4,상위권,,현재 DuckDB 재산출(광역시 내부 5단계 상대서열),apartment.duckdb/v_sale_clean
지방광역시,5단계 상대서열,읍면동,광역시 내부,202301~202512,중소형,20,대구광역시,수성구,수성동4가,1859.240033512771,1792.1272104878635,137,5,2,4,상위권,,현재 DuckDB 재산출(광역시 내부 5단계 상대서열),apartment.duckdb/v_sale_clean
지방광역시,5단계 상대서열,읍면동,광역시 내부,202301~202512,중소형,20,대구광역시,달서구,유천동,1692.6988233306763,1746.3309935868815,1112,5,2,4,상위권,,현재 DuckDB 재산출(광역시 내부 5단계 상대서열),apartment.duckdb/v_sale_clean
지방광역시,5단계 상대서열,읍면동,광역시 내부,202301~202512,중소형,20,대구광역시,수성구,노변동,1819.2562255335517,1713.1651823051866,101,5,2,4,상위권,,현재 DuckDB 재산출(광역시 내부 5단계 상대서열),apartment.duckdb/v_sale_clean
지방광역시,5단계 상대서열,읍면동,광역시 내부,202301~202512,중소형,20,대구광역시,달서구,월성동,1611.9298901294985,1706.2588706101485,1220,5,2,4,상위권,,현재 DuckDB 재산출(광역시 내부 5단계 상대서열),apartment.duckdb/v_sale_clean
지방광역시,5단계 상대서열,읍면동,광역시 내부,202301~202512,중소형,20,대구광역시,동구,율암동,1578.302889591655,1633.7485301004017,47,5,2,4,상위권,,현재 DuckDB 재산출(광역시 내부 5단계 상대서열),apartment.duckdb/v_sale_clean
지방광역시,5단계 상대서열,읍면동,광역시 내부,202301~202512,중소형,20,대구광역시,동구,신천동,1736.8478569182473,1620.2711037610813,891,5,2,4,상위권,,현재 DuckDB 재산출(광역시 내부 5단계 상대서열),apartment.duckdb/v_sale_clean
지방광역시,5단계 상대서열,읍면동,광역시 내부,202301~202512,중소형,20,대구광역시,북구,매천동,1516.3074411964685,1610.737158334782,439,5,2,4,상위권,,현재 DuckDB 재산출(광역시 내부 5단계 상대서열),apartment.duckdb/v_sale_clean
지방광역시,5단계 상대서열,읍면동,광역시 내부,202301~202512,중소형,20,대구광역시,북구,국우동,1382.8204358413857,1552.4538556436582,395,5,2,4,상위권,,현재 DuckDB 재산출(광역시 내부 5단계 상대서열),apartment.duckdb/v_sale_clean
지방광역시,5단계 상대서열,읍면동,광역시 내부,202301~202512,중소형,20,대구광역시,남구,봉덕동,1453.18228983571,1497.6486381506522,505,5,2,4,상위권,,현재 DuckDB 재산출(광역시 내부 5단계 상대서열),apartment.duckdb/v_sale_clean
지방광역시,5단계 상대서열,읍면동,광역시 내부,202301~202512,중소형,20,대구광역시,북구,칠성동2가,1569.6442898603548,1496.3868565098087,614,5,2,4,상위권,,현재 DuckDB 재산출(광역시 내부 5단계 상대서열),apartment.duckdb/v_sale_clean
지방광역시,5단계 상대서열,읍면동,광역시 내부,202301~202512,중소형,20,대구광역시,북구,복현동,1513.0049677129916,1468.873869503735,632,5,2,4,상위권,,현재 DuckDB 재산출(광역시 내부 5단계 상대서열),apartment.duckdb/v_sale_clean
지방광역시,5단계 상대서열,읍면동,광역시 내부,202301~202512,중소형,20,대구광역시,동구,괴전동,1445.0642615901127,1460.6293932911963,211,5,2,4,상위권,,현재 DuckDB 재산출(광역시 내부 5단계 상대서열),apartment.duckdb/v_sale_clean
지방광역시,5단계 상대서열,읍면동,광역시 내부,202301~202512,중소형,20,대구광역시,북구,침산동,1410.349267236032,1412.7153802323446,711,5,2,4,상위권,,현재 DuckDB 재산출(광역시 내부 5단계 상대서열),apartment.duckdb/v_sale_clean
지방광역시,5단계 상대서열,읍면동,광역시 내부,202301~202512,중소형,20,대구광역시,달서구,장기동,1394.0818253500247,1410.2647745854183,268,5,2,4,상위권,,현재 DuckDB 재산출(광역시 내부 5단계 상대서열),apartment.duckdb/v_sale_clean
지방광역시,5단계 상대서열,읍면동,광역시 내부,202301~202512,중소형,20,대구광역시,달서구,진천동,1422.0122084908376,1409.0326113397039,513,5,2,4,상위권,,현재 DuckDB 재산출(광역시 내부 5단계 상대서열),apartment.duckdb/v_sale_clean
지방광역시,5단계 상대서열,읍면동,광역시 내부,202301~202512,중소형,20,대구광역시,수성구,신매동,1480.38483854368,1400.2619656760787,327,5,2,4,상위권,,현재 DuckDB 재산출(광역시 내부 5단계 상대서열),apartment.duckdb/v_sale_clean
지방광역시,5단계 상대서열,읍면동,광역시 내부,202301~202512,중소형,20,대구광역시,북구,노원동3가,1365.7587071562052,1398.1772972615354,196,5,2,4,상위권,,현재 DuckDB 재산출(광역시 내부 5단계 상대서열),apartment.duckdb/v_sale_clean
지방광역시,5단계 상대서열,읍면동,광역시 내부,202301~202512,중소형,20,대구광역시,수성구,파동,1311.6636237350733,1396.931693263888,233,5,3,3,중위권,,현재 DuckDB 재산출(광역시 내부 5단계 상대서열),apartment.duckdb/v_sale_clean
지방광역시,5단계 상대서열,읍면동,광역시 내부,202301~202512,중소형,20,대구광역시,북구,대현동,1360.802843896817,1384.7061796345588,271,5,3,3,중위권,,현재 DuckDB 재산출(광역시 내부 5단계 상대서열),apartment.duckdb/v_sale_clean
지방광역시,5단계 상대서열,읍면동,광역시 내부,202301~202512,중소형,20,대구광역시,달서구,대곡동,1234.4667441039762,1380.564985086558,303,5,3,3,중위권,,현재 DuckDB 재산출(광역시 내부 5단계 상대서열),apartment.duckdb/v_sale_clean
지방광역시,5단계 상대서열,읍면동,광역시 내부,202301~202512,중소형,20,대구광역시,중구,봉산동,1371.0108977303241,1365.547693973147,30,5,3,3,중위권,,현재 DuckDB 재산출(광역시 내부 5단계 상대서열),apartment.duckdb/v_sale_clean
지방광역시,5단계 상대서열,읍면동,광역시 내부,202301~202512,중소형,20,대구광역시,동구,봉무동,1349.1994612181638,1343.2616999547859,480,5,3,3,중위권,,현재 DuckDB 재산출(광역시 내부 5단계 상대서열),apartment.duckdb/v_sale_clean
지방광역시,5단계 상대서열,읍면동,광역시 내부,202301~202512,중소형,20,대구광역시,달서구,상인동,1346.7347065744711,1330.091170903708,653,5,3,3,중위권,,현재 DuckDB 재산출(광역시 내부 5단계 상대서열),apartment.duckdb/v_sale_clean
지방광역시,5단계 상대서열,읍면동,광역시 내부,202301~202512,중소형,20,대구광역시,달서구,본리동,1461.4664050159754,1327.6245477778884,513,5,3,3,중위권,,현재 DuckDB 재산출(광역시 내부 5단계 상대서열),apartment.duckdb/v_sale_clean
지방광역시,5단계 상대서열,읍면동,광역시 내부,202301~202512,중소형,20,대구광역시,수성구,욱수동,1322.5835171023948,1307.2791684518181,93,5,3,3,중위권,,현재 DuckDB 재산출(광역시 내부 5단계 상대서열),apartment.duckdb/v_sale_clean
지방광역시,5단계 상대서열,읍면동,광역시 내부,202301~202512,중소형,20,대구광역시,북구,연경동,1302.369244349874,1301.0773162001115,172,5,3,3,중위권,,현재 DuckDB 재산출(광역시 내부 5단계 상대서열),apartment.duckdb/v_sale_clean
지방광역시,5단계 상대서열,읍면동,광역시 내부,202301~202512,중소형,20,대구광역시,수성구,사월동,1296.1945277382504,1284.7617308725507,240,5,3,3,중위권,,현재 DuckDB 재산출(광역시 내부 5단계 상대서열),apartment.duckdb/v_sale_clean
지방광역시,5단계 상대서열,읍면동,광역시 내부,202301~202512,중소형,20,대구광역시,달서구,성당동,1302.693076263715,1281.4839109208838,187,5,3,3,중위권,,현재 DuckDB 재산출(광역시 내부 5단계 상대서열),apartment.duckdb/v_sale_clean
지방광역시,5단계 상대서열,읍면동,광역시 내부,202301~202512,중소형,20,대구광역시,동구,지저동,1184.322240349814,1279.3939157814034,38,5,3,3,중위권,,현재 DuckDB 재산출(광역시 내부 5단계 상대서열),apartment.duckdb/v_sale_clean
지방광역시,5단계 상대서열,읍면동,광역시 내부,202301~202512,중소형,20,대구광역시,동구,지묘동,1084.2473228611243,1241.225817497004,119,5,3,3,중위권,,현재 DuckDB 재산출(광역시 내부 5단계 상대서열),apartment.duckdb/v_sale_clean
지방광역시,5단계 상대서열,읍면동,광역시 내부,202301~202512,중소형,20,대구광역시,서구,평리동,1330.3218821539103,1226.0875822579485,429,5,3,3,중위권,,현재 DuckDB 재산출(광역시 내부 5단계 상대서열),apartment.duckdb/v_sale_clean
지방광역시,5단계 상대서열,읍면동,광역시 내부,202301~202512,중소형,20,대구광역시,달성군,다사읍,1259.4844630923321,1205.9109681685818,2318,5,3,3,중위권,,현재 DuckDB 재산출(광역시 내부 5단계 상대서열),apartment.duckdb/v_sale_clean
지방광역시,5단계 상대서열,읍면동,광역시 내부,202301~202512,중소형,20,대구광역시,중구,동인동4가,1193.0928335868205,1201.6085676407458,23,5,3,3,중위권,,현재 DuckDB 재산출(광역시 내부 5단계 상대서열),apartment.duckdb/v_sale_clean
지방광역시,5단계 상대서열,읍면동,광역시 내부,202301~202512,중소형,20,대구광역시,동구,율하동,1252.6090295156296,1197.9772368284812,390,5,3,3,중위권,,현재 DuckDB 재산출(광역시 내부 5단계 상대서열),apartment.duckdb/v_sale_clean
지방광역시,5단계 상대서열,읍면동,광역시 내부,202301~202512,중소형,20,대구광역시,수성구,매호동,1176.3019256580735,1171.4573538717075,156,5,3,3,중위권,,현재 DuckDB 재산출(광역시 내부 5단계 상대서열),apartment.duckdb/v_sale_clean
지방광역시,5단계 상대서열,읍면동,광역시 내부,202301~202512,중소형,20,대구광역시,북구,동천동,1169.4843736882406,1162.7345037633809,475,5,3,3,중위권,,현재 DuckDB 재산출(광역시 내부 5단계 상대서열),apartment.duckdb/v_sale_clean
지방광역시,5단계 상대서열,읍면동,광역시 내부,202301~202512,중소형,20,대구광역시,북구,학정동,1153.0873261236252,1154.7632135466242,154,5,3,3,중위권,,현재 DuckDB 재산출(광역시 내부 5단계 상대서열),apartment.duckdb/v_sale_clean
지방광역시,5단계 상대서열,읍면동,광역시 내부,202301~202512,중소형,20,대구광역시,달성군,화원읍,1139.9058738056704,1148.594499484348,720,5,4,2,중위권,,현재 DuckDB 재산출(광역시 내부 5단계 상대서열),apartment.duckdb/v_sale_clean
지방광역시,5단계 상대서열,읍면동,광역시 내부,202301~202512,중소형,20,대구광역시,서구,중리동,1082.3823877700254,1147.5178993342843,117,5,4,2,중위권,,현재 DuckDB 재산출(광역시 내부 5단계 상대서열),apartment.duckdb/v_sale_clean
지방광역시,5단계 상대서열,읍면동,광역시 내부,202301~202512,중소형,20,대구광역시,북구,읍내동,1081.3840710301258,1128.3791380362347,289,5,4,2,중위권,,현재 DuckDB 재산출(광역시 내부 5단계 상대서열),apartment.duckdb/v_sale_clean
지방광역시,5단계 상대서열,읍면동,광역시 내부,202301~202512,중소형,20,대구광역시,동구,용계동,1097.1895527273123,1118.3595070302415,145,5,4,2,중위권,,현재 DuckDB 재산출(광역시 내부 5단계 상대서열),apartment.duckdb/v_sale_clean
지방광역시,5단계 상대서열,읍면동,광역시 내부,202301~202512,중소형,20,대구광역시,수성구,범물동,1389.7958185019347,1116.4884284299087,411,5,4,2,중위권,,현재 DuckDB 재산출(광역시 내부 5단계 상대서열),apartment.duckdb/v_sale_clean
지방광역시,5단계 상대서열,읍면동,광역시 내부,202301~202512,중소형,20,대구광역시,동구,사복동,1098.5102758363896,1103.4282069132046,46,5,4,2,중위권,,현재 DuckDB 재산출(광역시 내부 5단계 상대서열),apartment.duckdb/v_sale_clean
지방광역시,5단계 상대서열,읍면동,광역시 내부,202301~202512,중소형,20,대구광역시,남구,이천동,1257.8164597589878,1096.8214195780618,178,5,4,2,중위권,,현재 DuckDB 재산출(광역시 내부 5단계 상대서열),apartment.duckdb/v_sale_clean
지방광역시,5단계 상대서열,읍면동,광역시 내부,202301~202512,중소형,20,대구광역시,달성군,유가읍,1096.3596916712465,1089.1631235234,979,5,4,2,중위권,,현재 DuckDB 재산출(광역시 내부 5단계 상대서열),apartment.duckdb/v_sale_clean
지방광역시,5단계 상대서열,읍면동,광역시 내부,202301~202512,중소형,20,대구광역시,동구,검사동,1181.8027933389944,1089.1423629569242,66,5,4,2,중위권,,현재 DuckDB 재산출(광역시 내부 5단계 상대서열),apartment.duckdb/v_sale_clean
지방광역시,5단계 상대서열,읍면동,광역시 내부,202301~202512,중소형,20,대구광역시,동구,불로동,1005.2531533986046,1086.9660884183104,65,5,4,2,중위권,,현재 DuckDB 재산출(광역시 내부 5단계 상대서열),apartment.duckdb/v_sale_clean
지방광역시,5단계 상대서열,읍면동,광역시 내부,202301~202512,중소형,20,대구광역시,동구,각산동,1098.7029603016424,1078.0218299420565,313,5,4,2,중위권,,현재 DuckDB 재산출(광역시 내부 5단계 상대서열),apartment.duckdb/v_sale_clean
지방광역시,5단계 상대서열,읍면동,광역시 내부,202301~202512,중소형,20,대구광역시,북구,산격동,1009.2742915392541,1070.1167313222372,88,5,4,2,중위권,,현재 DuckDB 재산출(광역시 내부 5단계 상대서열),apartment.duckdb/v_sale_clean
지방광역시,5단계 상대서열,읍면동,광역시 내부,202301~202512,중소형,20,대구광역시,북구,사수동,1034.1746197987811,1056.915681738196,251,5,4,2,중위권,,현재 DuckDB 재산출(광역시 내부 5단계 상대서열),apartment.duckdb/v_sale_clean
지방광역시,5단계 상대서열,읍면동,광역시 내부,202301~202512,중소형,20,대구광역시,동구,대림동,1054.7545635246972,1055.4655312051634,54,5,4,2,중위권,,현재 DuckDB 재산출(광역시 내부 5단계 상대서열),apartment.duckdb/v_sale_clean
지방광역시,5단계 상대서열,읍면동,광역시 내부,202301~202512,중소형,20,대구광역시,달서구,송현동,1145.8349928169237,1050.938400413369,152,5,4,2,중위권,,현재 DuckDB 재산출(광역시 내부 5단계 상대서열),apartment.duckdb/v_sale_clean
지방광역시,5단계 상대서열,읍면동,광역시 내부,202301~202512,중소형,20,대구광역시,수성구,지산동,1267.6811065145896,1045.2458862944084,382,5,4,2,중위권,,현재 DuckDB 재산출(광역시 내부 5단계 상대서열),apartment.duckdb/v_sale_clean
지방광역시,5단계 상대서열,읍면동,광역시 내부,202301~202512,중소형,20,대구광역시,달서구,죽전동,1377.4196821983255,1032.3274308876264,85,5,4,2,중위권,,현재 DuckDB 재산출(광역시 내부 5단계 상대서열),apartment.duckdb/v_sale_clean
지방광역시,5단계 상대서열,읍면동,광역시 내부,202301~202512,중소형,20,대구광역시,달성군,옥포읍,1006.3615389994823,1030.7471786140266,306,5,4,2,중위권,,현재 DuckDB 재산출(광역시 내부 5단계 상대서열),apartment.duckdb/v_sale_clean
지방광역시,5단계 상대서열,읍면동,광역시 내부,202301~202512,중소형,20,대구광역시,동구,방촌동,1116.5256295781987,1030.7326253995875,237,5,4,2,중위권,,현재 DuckDB 재산출(광역시 내부 5단계 상대서열),apartment.duckdb/v_sale_clean
지방광역시,5단계 상대서열,읍면동,광역시 내부,202301~202512,중소형,20,대구광역시,북구,태전동,1061.1219652283116,1023.0293435351012,555,5,4,2,중위권,,현재 DuckDB 재산출(광역시 내부 5단계 상대서열),apartment.duckdb/v_sale_clean
지방광역시,5단계 상대서열,읍면동,광역시 내부,202301~202512,중소형,20,대구광역시,동구,숙천동,1014.3712703346314,1002.2222132745834,26,5,4,2,중위권,,현재 DuckDB 재산출(광역시 내부 5단계 상대서열),apartment.duckdb/v_sale_clean
지방광역시,5단계 상대서열,읍면동,광역시 내부,202301~202512,중소형,20,대구광역시,달서구,파호동,989.3795991807209,988.5441741083156,97,5,5,1,하위권,,현재 DuckDB 재산출(광역시 내부 5단계 상대서열),apartment.duckdb/v_sale_clean
지방광역시,5단계 상대서열,읍면동,광역시 내부,202301~202512,중소형,20,대구광역시,달서구,용산동,1094.99288213136,980.1307886524379,596,5,5,1,하위권,,현재 DuckDB 재산출(광역시 내부 5단계 상대서열),apartment.duckdb/v_sale_clean
지방광역시,5단계 상대서열,읍면동,광역시 내부,202301~202512,중소형,20,대구광역시,달서구,호산동,981.5186292821392,973.3203167962968,74,5,5,1,하위권,,현재 DuckDB 재산출(광역시 내부 5단계 상대서열),apartment.duckdb/v_sale_clean
지방광역시,5단계 상대서열,읍면동,광역시 내부,202301~202512,중소형,20,대구광역시,달성군,현풍읍,950.8788148738993,965.199352183571,293,5,5,1,하위권,,현재 DuckDB 재산출(광역시 내부 5단계 상대서열),apartment.duckdb/v_sale_clean
지방광역시,5단계 상대서열,읍면동,광역시 내부,202301~202512,중소형,20,대구광역시,달서구,이곡동,954.5471654636548,953.0681988372568,304,5,5,1,하위권,,현재 DuckDB 재산출(광역시 내부 5단계 상대서열),apartment.duckdb/v_sale_clean
지방광역시,5단계 상대서열,읍면동,광역시 내부,202301~202512,중소형,20,대구광역시,동구,효목동,1044.8808019404655,934.2774726237237,206,5,5,1,하위권,,현재 DuckDB 재산출(광역시 내부 5단계 상대서열),apartment.duckdb/v_sale_clean
지방광역시,5단계 상대서열,읍면동,광역시 내부,202301~202512,중소형,20,대구광역시,달서구,본동,999.2597232390676,908.4826341357782,76,5,5,1,하위권,,현재 DuckDB 재산출(광역시 내부 5단계 상대서열),apartment.duckdb/v_sale_clean
지방광역시,5단계 상대서열,읍면동,광역시 내부,202301~202512,중소형,20,대구광역시,달서구,도원동,975.7770620536966,897.5688567021565,378,5,5,1,하위권,,현재 DuckDB 재산출(광역시 내부 5단계 상대서열),apartment.duckdb/v_sale_clean
지방광역시,5단계 상대서열,읍면동,광역시 내부,202301~202512,중소형,20,대구광역시,서구,비산동,880.6978853404447,897.038700368685,35,5,5,1,하위권,,현재 DuckDB 재산출(광역시 내부 5단계 상대서열),apartment.duckdb/v_sale_clean
지방광역시,5단계 상대서열,읍면동,광역시 내부,202301~202512,중소형,20,대구광역시,동구,동호동,904.8958249802826,894.7170846227309,29,5,5,1,하위권,,현재 DuckDB 재산출(광역시 내부 5단계 상대서열),apartment.duckdb/v_sale_clean
지방광역시,5단계 상대서열,읍면동,광역시 내부,202301~202512,중소형,20,대구광역시,북구,구암동,915.5971511786666,894.139560115445,434,5,5,1,하위권,,현재 DuckDB 재산출(광역시 내부 5단계 상대서열),apartment.duckdb/v_sale_clean
지방광역시,5단계 상대서열,읍면동,광역시 내부,202301~202512,중소형,20,대구광역시,동구,신서동,896.8111446792248,886.8675514785347,475,5,5,1,하위권,,현재 DuckDB 재산출(광역시 내부 5단계 상대서열),apartment.duckdb/v_sale_clean
지방광역시,5단계 상대서열,읍면동,광역시 내부,202301~202512,중소형,20,대구광역시,달성군,구지면,891.7876401197608,868.7388705234895,487,5,5,1,하위권,,현재 DuckDB 재산출(광역시 내부 5단계 상대서열),apartment.duckdb/v_sale_clean
지방광역시,5단계 상대서열,읍면동,광역시 내부,202301~202512,중소형,20,대구광역시,달서구,신당동,859.5870557528393,856.72367448784,51,5,5,1,하위권,,현재 DuckDB 재산출(광역시 내부 5단계 상대서열),apartment.duckdb/v_sale_clean
지방광역시,5단계 상대서열,읍면동,광역시 내부,202301~202512,중소형,20,대구광역시,북구,동변동,866.1565862167165,854.8491515481202,171,5,5,1,하위권,,현재 DuckDB 재산출(광역시 내부 5단계 상대서열),apartment.duckdb/v_sale_clean
지방광역시,5단계 상대서열,읍면동,광역시 내부,202301~202512,중소형,20,대구광역시,북구,서변동,863.4362810985853,836.2459082670623,130,5,5,1,하위권,,현재 DuckDB 재산출(광역시 내부 5단계 상대서열),apartment.duckdb/v_sale_clean
지방광역시,5단계 상대서열,읍면동,광역시 내부,202301~202512,중소형,20,대구광역시,동구,입석동,818.909334014178,821.3148826518134,22,5,5,1,하위권,,현재 DuckDB 재산출(광역시 내부 5단계 상대서열),apartment.duckdb/v_sale_clean
지방광역시,5단계 상대서열,읍면동,광역시 내부,202301~202512,중소형,20,대구광역시,북구,팔달동,825.6558568113277,817.1079049353318,51,5,5,1,하위권,,현재 DuckDB 재산출(광역시 내부 5단계 상대서열),apartment.duckdb/v_sale_clean
지방광역시,5단계 상대서열,읍면동,광역시 내부,202301~202512,중소형,20,대구광역시,북구,관음동,784.8587747880363,709.8265218625718,86,5,5,1,하위권,,현재 DuckDB 재산출(광역시 내부 5단계 상대서열),apartment.duckdb/v_sale_clean
지방광역시,5단계 상대서열,읍면동,광역시 내부,202301~202512,중소형,20,대구광역시,달성군,논공읍,602.2435237302257,525.8409506136225,50,5,5,1,하위권,,현재 DuckDB 재산출(광역시 내부 5단계 상대서열),apartment.duckdb/v_sale_clean
지방광역시,5단계 상대서열,읍면동,광역시 내부,202301~202512,중소형,20,대전광역시,유성구,도룡동,3742.235267740955,4083.8859738586184,51,5,1,5,상위권,,현재 DuckDB 재산출(광역시 내부 5단계 상대서열),apartment.duckdb/v_sale_clean
지방광역시,5단계 상대서열,읍면동,광역시 내부,202301~202512,중소형,20,대전광역시,유성구,가정동,3437.1687953456867,3462.8303149822555,36,5,1,5,상위권,,현재 DuckDB 재산출(광역시 내부 5단계 상대서열),apartment.duckdb/v_sale_clean
지방광역시,5단계 상대서열,읍면동,광역시 내부,202301~202512,중소형,20,대전광역시,유성구,문지동,2604.3885425095827,2607.1474363277202,100,5,1,5,상위권,,현재 DuckDB 재산출(광역시 내부 5단계 상대서열),apartment.duckdb/v_sale_clean
지방광역시,5단계 상대서열,읍면동,광역시 내부,202301~202512,중소형,20,대전광역시,유성구,상대동,2706.6835503876587,2570.1710234635198,422,5,1,5,상위권,,현재 DuckDB 재산출(광역시 내부 5단계 상대서열),apartment.duckdb/v_sale_clean
지방광역시,5단계 상대서열,읍면동,광역시 내부,202301~202512,중소형,20,대전광역시,유성구,용산동,2470.2296717078175,2551.7863502330556,164,5,1,5,상위권,,현재 DuckDB 재산출(광역시 내부 5단계 상대서열),apartment.duckdb/v_sale_clean
지방광역시,5단계 상대서열,읍면동,광역시 내부,202301~202512,중소형,20,대전광역시,유성구,죽동,2453.057166683209,2490.3713827611027,385,5,1,5,상위권,,현재 DuckDB 재산출(광역시 내부 5단계 상대서열),apartment.duckdb/v_sale_clean
지방광역시,5단계 상대서열,읍면동,광역시 내부,202301~202512,중소형,20,대전광역시,유성구,봉명동,2298.5850541805717,2392.716663849551,567,5,1,5,상위권,,현재 DuckDB 재산출(광역시 내부 5단계 상대서열),apartment.duckdb/v_sale_clean
지방광역시,5단계 상대서열,읍면동,광역시 내부,202301~202512,중소형,20,대전광역시,유성구,원신흥동,2273.4291074913494,2237.9322424204893,248,5,1,5,상위권,,현재 DuckDB 재산출(광역시 내부 5단계 상대서열),apartment.duckdb/v_sale_clean
지방광역시,5단계 상대서열,읍면동,광역시 내부,202301~202512,중소형,20,대전광역시,유성구,노은동,1951.4268282996595,2217.444105649891,94,5,1,5,상위권,,현재 DuckDB 재산출(광역시 내부 5단계 상대서열),apartment.duckdb/v_sale_clean
지방광역시,5단계 상대서열,읍면동,광역시 내부,202301~202512,중소형,20,대전광역시,서구,도안동,2174.395543138046,2112.3457372447297,1073,5,1,5,상위권,,현재 DuckDB 재산출(광역시 내부 5단계 상대서열),apartment.duckdb/v_sale_clean
지방광역시,5단계 상대서열,읍면동,광역시 내부,202301~202512,중소형,20,대전광역시,동구,신흥동,1770.124966351355,1973.4674389713596,182,5,1,5,상위권,,현재 DuckDB 재산출(광역시 내부 5단계 상대서열),apartment.duckdb/v_sale_clean
지방광역시,5단계 상대서열,읍면동,광역시 내부,202301~202512,중소형,20,대전광역시,서구,탄방동,2156.228845686796,1907.9325214885769,459,5,1,5,상위권,,현재 DuckDB 재산출(광역시 내부 5단계 상대서열),apartment.duckdb/v_sale_clean
지방광역시,5단계 상대서열,읍면동,광역시 내부,202301~202512,중소형,20,대전광역시,유성구,덕명동,1822.8352392157406,1899.7809730642525,80,5,1,5,상위권,,현재 DuckDB 재산출(광역시 내부 5단계 상대서열),apartment.duckdb/v_sale_clean
지방광역시,5단계 상대서열,읍면동,광역시 내부,202301~202512,중소형,20,대전광역시,중구,선화동,1790.929230972633,1826.689866251807,108,5,1,5,상위권,,현재 DuckDB 재산출(광역시 내부 5단계 상대서열),apartment.duckdb/v_sale_clean
지방광역시,5단계 상대서열,읍면동,광역시 내부,202301~202512,중소형,20,대전광역시,유성구,계산동,1784.3853744451567,1821.7931695962063,91,5,1,5,상위권,,현재 DuckDB 재산출(광역시 내부 5단계 상대서열),apartment.duckdb/v_sale_clean
지방광역시,5단계 상대서열,읍면동,광역시 내부,202301~202512,중소형,20,대전광역시,유성구,둔곡동,1761.058318362883,1789.7542947488766,134,5,1,5,상위권,,현재 DuckDB 재산출(광역시 내부 5단계 상대서열),apartment.duckdb/v_sale_clean
지방광역시,5단계 상대서열,읍면동,광역시 내부,202301~202512,중소형,20,대전광역시,유성구,지족동,1699.0253779716816,1781.8947214098257,1045,5,2,4,상위권,,현재 DuckDB 재산출(광역시 내부 5단계 상대서열),apartment.duckdb/v_sale_clean
지방광역시,5단계 상대서열,읍면동,광역시 내부,202301~202512,중소형,20,대전광역시,서구,만년동,1746.79797334911,1776.6551790568744,72,5,2,4,상위권,,현재 DuckDB 재산출(광역시 내부 5단계 상대서열),apartment.duckdb/v_sale_clean
지방광역시,5단계 상대서열,읍면동,광역시 내부,202301~202512,중소형,20,대전광역시,유성구,반석동,1860.5523367428768,1773.041594345888,302,5,2,4,상위권,,현재 DuckDB 재산출(광역시 내부 5단계 상대서열),apartment.duckdb/v_sale_clean
지방광역시,5단계 상대서열,읍면동,광역시 내부,202301~202512,중소형,20,대전광역시,서구,관저동,1718.4320507342666,1771.0633587017726,1017,5,2,4,상위권,,현재 DuckDB 재산출(광역시 내부 5단계 상대서열),apartment.duckdb/v_sale_clean
지방광역시,5단계 상대서열,읍면동,광역시 내부,202301~202512,중소형,20,대전광역시,동구,대동,1749.5045394871906,1763.320508850216,267,5,2,4,상위권,,현재 DuckDB 재산출(광역시 내부 5단계 상대서열),apartment.duckdb/v_sale_clean
지방광역시,5단계 상대서열,읍면동,광역시 내부,202301~202512,중소형,20,대전광역시,대덕구,신탄진동,1472.0126346258055,1672.5081674137043,324,5,2,4,상위권,,현재 DuckDB 재산출(광역시 내부 5단계 상대서열),apartment.duckdb/v_sale_clean
지방광역시,5단계 상대서열,읍면동,광역시 내부,202301~202512,중소형,20,대전광역시,서구,둔산동,1704.7570572443371,1660.7076568391851,1339,5,2,4,상위권,,현재 DuckDB 재산출(광역시 내부 5단계 상대서열),apartment.duckdb/v_sale_clean
지방광역시,5단계 상대서열,읍면동,광역시 내부,202301~202512,중소형,20,대전광역시,유성구,관평동,1723.8404998925528,1653.7719795537748,627,5,2,4,상위권,,현재 DuckDB 재산출(광역시 내부 5단계 상대서열),apartment.duckdb/v_sale_clean
지방광역시,5단계 상대서열,읍면동,광역시 내부,202301~202512,중소형,20,대전광역시,동구,판암동,1466.4641115005977,1632.6148471293907,161,5,2,4,상위권,,현재 DuckDB 재산출(광역시 내부 5단계 상대서열),apartment.duckdb/v_sale_clean
지방광역시,5단계 상대서열,읍면동,광역시 내부,202301~202512,중소형,20,대전광역시,중구,대흥동,1399.100647358873,1627.6561171341832,176,5,2,4,상위권,,현재 DuckDB 재산출(광역시 내부 5단계 상대서열),apartment.duckdb/v_sale_clean
지방광역시,5단계 상대서열,읍면동,광역시 내부,202301~202512,중소형,20,대전광역시,중구,용두동,1596.8163115059672,1606.600678039947,51,5,2,4,상위권,,현재 DuckDB 재산출(광역시 내부 5단계 상대서열),apartment.duckdb/v_sale_clean
지방광역시,5단계 상대서열,읍면동,광역시 내부,202301~202512,중소형,20,대전광역시,중구,목동,1764.5348798086004,1587.2001128675636,375,5,2,4,상위권,,현재 DuckDB 재산출(광역시 내부 5단계 상대서열),apartment.duckdb/v_sale_clean
지방광역시,5단계 상대서열,읍면동,광역시 내부,202301~202512,중소형,20,대전광역시,동구,용운동,1393.4479298885292,1566.126863970431,373,5,2,4,상위권,,현재 DuckDB 재산출(광역시 내부 5단계 상대서열),apartment.duckdb/v_sale_clean
지방광역시,5단계 상대서열,읍면동,광역시 내부,202301~202512,중소형,20,대전광역시,중구,오류동,1524.9352027159814,1553.2619054751374,181,5,2,4,상위권,,현재 DuckDB 재산출(광역시 내부 5단계 상대서열),apartment.duckdb/v_sale_clean
지방광역시,5단계 상대서열,읍면동,광역시 내부,202301~202512,중소형,20,대전광역시,유성구,하기동,1542.954685644899,1534.0666531615911,230,5,2,4,상위권,,현재 DuckDB 재산출(광역시 내부 5단계 상대서열),apartment.duckdb/v_sale_clean
지방광역시,5단계 상대서열,읍면동,광역시 내부,202301~202512,중소형,20,대전광역시,유성구,장대동,1609.7605853312334,1521.5119552996953,86,5,2,4,상위권,,현재 DuckDB 재산출(광역시 내부 5단계 상대서열),apartment.duckdb/v_sale_clean
지방광역시,5단계 상대서열,읍면동,광역시 내부,202301~202512,중소형,20,대전광역시,서구,월평동,1500.071984175273,1518.022133930422,686,5,3,3,중위권,,현재 DuckDB 재산출(광역시 내부 5단계 상대서열),apartment.duckdb/v_sale_clean
지방광역시,5단계 상대서열,읍면동,광역시 내부,202301~202512,중소형,20,대전광역시,유성구,어은동,1477.2610550651252,1482.990853916643,201,5,3,3,중위권,,현재 DuckDB 재산출(광역시 내부 5단계 상대서열),apartment.duckdb/v_sale_clean
지방광역시,5단계 상대서열,읍면동,광역시 내부,202301~202512,중소형,20,대전광역시,중구,문화동,1467.0415293211254,1458.6062142459152,234,5,3,3,중위권,,현재 DuckDB 재산출(광역시 내부 5단계 상대서열),apartment.duckdb/v_sale_clean
지방광역시,5단계 상대서열,읍면동,광역시 내부,202301~202512,중소형,20,대전광역시,서구,가장동,1387.596723308123,1400.591555405554,117,5,3,3,중위권,,현재 DuckDB 재산출(광역시 내부 5단계 상대서열),apartment.duckdb/v_sale_clean
지방광역시,5단계 상대서열,읍면동,광역시 내부,202301~202512,중소형,20,대전광역시,대덕구,석봉동,1340.8995116107394,1398.7807294641505,412,5,3,3,중위권,,현재 DuckDB 재산출(광역시 내부 5단계 상대서열),apartment.duckdb/v_sale_clean
지방광역시,5단계 상대서열,읍면동,광역시 내부,202301~202512,중소형,20,대전광역시,동구,삼성동,1305.8556181826893,1386.7935302016742,75,5,3,3,중위권,,현재 DuckDB 재산출(광역시 내부 5단계 상대서열),apartment.duckdb/v_sale_clean
지방광역시,5단계 상대서열,읍면동,광역시 내부,202301~202512,중소형,20,대전광역시,서구,내동,1262.0552154506197,1348.769862340475,384,5,3,3,중위권,,현재 DuckDB 재산출(광역시 내부 5단계 상대서열),apartment.duckdb/v_sale_clean
지방광역시,5단계 상대서열,읍면동,광역시 내부,202301~202512,중소형,20,대전광역시,동구,성남동,1306.4736621678492,1343.498489537749,129,5,3,3,중위권,,현재 DuckDB 재산출(광역시 내부 5단계 상대서열),apartment.duckdb/v_sale_clean
지방광역시,5단계 상대서열,읍면동,광역시 내부,202301~202512,중소형,20,대전광역시,중구,태평동,1329.2330896870153,1338.9733694155516,485,5,3,3,중위권,,현재 DuckDB 재산출(광역시 내부 5단계 상대서열),apartment.duckdb/v_sale_clean
지방광역시,5단계 상대서열,읍면동,광역시 내부,202301~202512,중소형,20,대전광역시,동구,대성동,1210.443537636455,1327.2519314521796,202,5,3,3,중위권,,현재 DuckDB 재산출(광역시 내부 5단계 상대서열),apartment.duckdb/v_sale_clean
지방광역시,5단계 상대서열,읍면동,광역시 내부,202301~202512,중소형,20,대전광역시,유성구,봉산동,1374.423008625934,1294.5548893716923,216,5,3,3,중위권,,현재 DuckDB 재산출(광역시 내부 5단계 상대서열),apartment.duckdb/v_sale_clean
지방광역시,5단계 상대서열,읍면동,광역시 내부,202301~202512,중소형,20,대전광역시,동구,천동,1246.0262189202613,1284.329329922265,196,5,3,3,중위권,,현재 DuckDB 재산출(광역시 내부 5단계 상대서열),apartment.duckdb/v_sale_clean
지방광역시,5단계 상대서열,읍면동,광역시 내부,202301~202512,중소형,20,대전광역시,유성구,교촌동,1286.5515271765032,1276.2112122531264,73,5,3,3,중위권,,현재 DuckDB 재산출(광역시 내부 5단계 상대서열),apartment.duckdb/v_sale_clean
지방광역시,5단계 상대서열,읍면동,광역시 내부,202301~202512,중소형,20,대전광역시,대덕구,송촌동,1238.2295452265469,1273.5529400768028,355,5,3,3,중위권,,현재 DuckDB 재산출(광역시 내부 5단계 상대서열),apartment.duckdb/v_sale_clean
지방광역시,5단계 상대서열,읍면동,광역시 내부,202301~202512,중소형,20,대전광역시,유성구,전민동,1298.0216790237098,1266.5096844150137,427,5,3,3,중위권,,현재 DuckDB 재산출(광역시 내부 5단계 상대서열),apartment.duckdb/v_sale_clean
지방광역시,5단계 상대서열,읍면동,광역시 내부,202301~202512,중소형,20,대전광역시,서구,복수동,1300.4222068122726,1261.2834131317545,480,5,3,3,중위권,,현재 DuckDB 재산출(광역시 내부 5단계 상대서열),apartment.duckdb/v_sale_clean
지방광역시,5단계 상대서열,읍면동,광역시 내부,202301~202512,중소형,20,대전광역시,동구,가오동,1245.2782885513152,1243.5723704530865,161,5,4,2,중위권,,현재 DuckDB 재산출(광역시 내부 5단계 상대서열),apartment.duckdb/v_sale_clean
지방광역시,5단계 상대서열,읍면동,광역시 내부,202301~202512,중소형,20,대전광역시,서구,괴정동,1201.1475792652798,1214.6649342263454,33,5,4,2,중위권,,현재 DuckDB 재산출(광역시 내부 5단계 상대서열),apartment.duckdb/v_sale_clean
지방광역시,5단계 상대서열,읍면동,광역시 내부,202301~202512,중소형,20,대전광역시,동구,가양동,1120.2162042328089,1203.534603215834,237,5,4,2,중위권,,현재 DuckDB 재산출(광역시 내부 5단계 상대서열),apartment.duckdb/v_sale_clean
지방광역시,5단계 상대서열,읍면동,광역시 내부,202301~202512,중소형,20,대전광역시,중구,중촌동,1381.3777633346924,1188.202185517107,255,5,4,2,중위권,,현재 DuckDB 재산출(광역시 내부 5단계 상대서열),apartment.duckdb/v_sale_clean
지방광역시,5단계 상대서열,읍면동,광역시 내부,202301~202512,중소형,20,대전광역시,서구,용문동,1127.4187478832318,1171.9246525408705,59,5,4,2,중위권,,현재 DuckDB 재산출(광역시 내부 5단계 상대서열),apartment.duckdb/v_sale_clean
지방광역시,5단계 상대서열,읍면동,광역시 내부,202301~202512,중소형,20,대전광역시,동구,홍도동,1063.9379829716033,1168.0109800199295,124,5,4,2,중위권,,현재 DuckDB 재산출(광역시 내부 5단계 상대서열),apartment.duckdb/v_sale_clean
지방광역시,5단계 상대서열,읍면동,광역시 내부,202301~202512,중소형,20,대전광역시,대덕구,평촌동,998.7012933476935,1104.767418474444,42,5,4,2,중위권,,현재 DuckDB 재산출(광역시 내부 5단계 상대서열),apartment.duckdb/v_sale_clean
지방광역시,5단계 상대서열,읍면동,광역시 내부,202301~202512,중소형,20,대전광역시,대덕구,법동,1366.0613797164126,1099.9429181247363,415,5,4,2,중위권,,현재 DuckDB 재산출(광역시 내부 5단계 상대서열),apartment.duckdb/v_sale_clean
지방광역시,5단계 상대서열,읍면동,광역시 내부,202301~202512,중소형,20,대전광역시,유성구,신성동,1081.5528897963723,1089.6695917484772,140,5,4,2,중위권,,현재 DuckDB 재산출(광역시 내부 5단계 상대서열),apartment.duckdb/v_sale_clean
지방광역시,5단계 상대서열,읍면동,광역시 내부,202301~202512,중소형,20,대전광역시,중구,사정동,1030.688455793104,1081.7066852906987,79,5,4,2,중위권,,현재 DuckDB 재산출(광역시 내부 5단계 상대서열),apartment.duckdb/v_sale_clean
지방광역시,5단계 상대서열,읍면동,광역시 내부,202301~202512,중소형,20,대전광역시,유성구,대정동,1077.9094448035933,1072.5470848170235,75,5,4,2,중위권,,현재 DuckDB 재산출(광역시 내부 5단계 상대서열),apartment.duckdb/v_sale_clean
지방광역시,5단계 상대서열,읍면동,광역시 내부,202301~202512,중소형,20,대전광역시,동구,낭월동,1080.7236180553175,1069.759727258387,114,5,4,2,중위권,,현재 DuckDB 재산출(광역시 내부 5단계 상대서열),apartment.duckdb/v_sale_clean
지방광역시,5단계 상대서열,읍면동,광역시 내부,202301~202512,중소형,20,대전광역시,동구,효동,1037.2874349088543,1034.491255987057,39,5,4,2,중위권,,현재 DuckDB 재산출(광역시 내부 5단계 상대서열),apartment.duckdb/v_sale_clean
지방광역시,5단계 상대서열,읍면동,광역시 내부,202301~202512,중소형,20,대전광역시,유성구,원내동,1025.300140138548,1031.3551422783607,70,5,4,2,중위권,,현재 DuckDB 재산출(광역시 내부 5단계 상대서열),apartment.duckdb/v_sale_clean
지방광역시,5단계 상대서열,읍면동,광역시 내부,202301~202512,중소형,20,대전광역시,서구,갈마동,1095.769177988108,995.4832387949577,409,5,4,2,중위권,,현재 DuckDB 재산출(광역시 내부 5단계 상대서열),apartment.duckdb/v_sale_clean
지방광역시,5단계 상대서열,읍면동,광역시 내부,202301~202512,중소형,20,대전광역시,서구,정림동,951.3113735738012,971.2030848571831,94,5,4,2,중위권,,현재 DuckDB 재산출(광역시 내부 5단계 상대서열),apartment.duckdb/v_sale_clean
지방광역시,5단계 상대서열,읍면동,광역시 내부,202301~202512,중소형,20,대전광역시,중구,유천동,950.7392860885741,969.0276012334672,136,5,5,1,하위권,,현재 DuckDB 재산출(광역시 내부 5단계 상대서열),apartment.duckdb/v_sale_clean
지방광역시,5단계 상대서열,읍면동,광역시 내부,202301~202512,중소형,20,대전광역시,서구,도마동,1312.946631384595,959.919529825913,408,5,5,1,하위권,,현재 DuckDB 재산출(광역시 내부 5단계 상대서열),apartment.duckdb/v_sale_clean
지방광역시,5단계 상대서열,읍면동,광역시 내부,202301~202512,중소형,20,대전광역시,대덕구,오정동,904.4576616730575,938.2550020719798,54,5,5,1,하위권,,현재 DuckDB 재산출(광역시 내부 5단계 상대서열),apartment.duckdb/v_sale_clean
지방광역시,5단계 상대서열,읍면동,광역시 내부,202301~202512,중소형,20,대전광역시,서구,가수원동,967.2551403771057,937.2509335638556,96,5,5,1,하위권,,현재 DuckDB 재산출(광역시 내부 5단계 상대서열),apartment.duckdb/v_sale_clean
지방광역시,5단계 상대서열,읍면동,광역시 내부,202301~202512,중소형,20,대전광역시,유성구,송강동,960.9847140249462,929.5527373383444,310,5,5,1,하위권,,현재 DuckDB 재산출(광역시 내부 5단계 상대서열),apartment.duckdb/v_sale_clean
지방광역시,5단계 상대서열,읍면동,광역시 내부,202301~202512,중소형,20,대전광역시,동구,용전동,980.3456091217588,928.5913269570063,73,5,5,1,하위권,,현재 DuckDB 재산출(광역시 내부 5단계 상대서열),apartment.duckdb/v_sale_clean
지방광역시,5단계 상대서열,읍면동,광역시 내부,202301~202512,중소형,20,대전광역시,유성구,구암동,920.3074600459196,925.9466394070051,31,5,5,1,하위권,,현재 DuckDB 재산출(광역시 내부 5단계 상대서열),apartment.duckdb/v_sale_clean
지방광역시,5단계 상대서열,읍면동,광역시 내부,202301~202512,중소형,20,대전광역시,동구,인동,946.7556350598643,908.4386966932832,115,5,5,1,하위권,,현재 DuckDB 재산출(광역시 내부 5단계 상대서열),apartment.duckdb/v_sale_clean
지방광역시,5단계 상대서열,읍면동,광역시 내부,202301~202512,중소형,20,대전광역시,중구,산성동,964.2188324231851,907.4551530210857,123,5,5,1,하위권,,현재 DuckDB 재산출(광역시 내부 5단계 상대서열),apartment.duckdb/v_sale_clean
지방광역시,5단계 상대서열,읍면동,광역시 내부,202301~202512,중소형,20,대전광역시,서구,변동,906.2780925606761,895.0773063675857,30,5,5,1,하위권,,현재 DuckDB 재산출(광역시 내부 5단계 상대서열),apartment.duckdb/v_sale_clean
지방광역시,5단계 상대서열,읍면동,광역시 내부,202301~202512,중소형,20,대전광역시,대덕구,와동,1122.0825721401,855.715645690937,71,5,5,1,하위권,,현재 DuckDB 재산출(광역시 내부 5단계 상대서열),apartment.duckdb/v_sale_clean
지방광역시,5단계 상대서열,읍면동,광역시 내부,202301~202512,중소형,20,대전광역시,대덕구,중리동,762.5383095978489,809.1506850977707,29,5,5,1,하위권,,현재 DuckDB 재산출(광역시 내부 5단계 상대서열),apartment.duckdb/v_sale_clean
지방광역시,5단계 상대서열,읍면동,광역시 내부,202301~202512,중소형,20,대전광역시,동구,자양동,721.9875649091368,798.3106966818508,43,5,5,1,하위권,,현재 DuckDB 재산출(광역시 내부 5단계 상대서열),apartment.duckdb/v_sale_clean
지방광역시,5단계 상대서열,읍면동,광역시 내부,202301~202512,중소형,20,대전광역시,대덕구,비래동,858.5959824511663,779.6458149416189,167,5,5,1,하위권,,현재 DuckDB 재산출(광역시 내부 5단계 상대서열),apartment.duckdb/v_sale_clean
지방광역시,5단계 상대서열,읍면동,광역시 내부,202301~202512,중소형,20,대전광역시,대덕구,읍내동,721.6912524852569,717.8876593360415,133,5,5,1,하위권,,현재 DuckDB 재산출(광역시 내부 5단계 상대서열),apartment.duckdb/v_sale_clean
지방광역시,5단계 상대서열,읍면동,광역시 내부,202301~202512,중소형,20,대전광역시,대덕구,대화동,613.4840488423246,586.6811164052745,48,5,5,1,하위권,,현재 DuckDB 재산출(광역시 내부 5단계 상대서열),apartment.duckdb/v_sale_clean
지방광역시,5단계 상대서열,읍면동,광역시 내부,202301~202512,중소형,20,부산광역시,수영구,남천동,3809.091049636816,4091.8005188792754,671,5,1,5,상위권,,현재 DuckDB 재산출(광역시 내부 5단계 상대서열),apartment.duckdb/v_sale_clean
지방광역시,5단계 상대서열,읍면동,광역시 내부,202301~202512,중소형,20,부산광역시,해운대구,우동,3141.950924550339,3190.3865253990125,1146,5,1,5,상위권,,현재 DuckDB 재산출(광역시 내부 5단계 상대서열),apartment.duckdb/v_sale_clean
지방광역시,5단계 상대서열,읍면동,광역시 내부,202301~202512,중소형,20,부산광역시,동래구,거제동,3033.85261083529,3049.72548072031,67,5,1,5,상위권,,현재 DuckDB 재산출(광역시 내부 5단계 상대서열),apartment.duckdb/v_sale_clean
지방광역시,5단계 상대서열,읍면동,광역시 내부,202301~202512,중소형,20,부산광역시,부산진구,범전동,3009.6757554016663,2917.6793121092524,271,5,1,5,상위권,,현재 DuckDB 재산출(광역시 내부 5단계 상대서열),apartment.duckdb/v_sale_clean
지방광역시,5단계 상대서열,읍면동,광역시 내부,202301~202512,중소형,20,부산광역시,수영구,광안동,2566.1040004767474,2828.860982699158,552,5,1,5,상위권,,현재 DuckDB 재산출(광역시 내부 5단계 상대서열),apartment.duckdb/v_sale_clean
지방광역시,5단계 상대서열,읍면동,광역시 내부,202301~202512,중소형,20,부산광역시,수영구,민락동,2754.175982882189,2812.194763478481,560,5,1,5,상위권,,현재 DuckDB 재산출(광역시 내부 5단계 상대서열),apartment.duckdb/v_sale_clean
지방광역시,5단계 상대서열,읍면동,광역시 내부,202301~202512,중소형,20,부산광역시,수영구,수영동,2696.969748379846,2733.845241476756,96,5,1,5,상위권,,현재 DuckDB 재산출(광역시 내부 5단계 상대서열),apartment.duckdb/v_sale_clean
지방광역시,5단계 상대서열,읍면동,광역시 내부,202301~202512,중소형,20,부산광역시,해운대구,중동,2797.2975238213544,2718.4674741938165,596,5,1,5,상위권,,현재 DuckDB 재산출(광역시 내부 5단계 상대서열),apartment.duckdb/v_sale_clean
지방광역시,5단계 상대서열,읍면동,광역시 내부,202301~202512,중소형,20,부산광역시,남구,대연동,2400.696279432372,2603.763477922821,1501,5,1,5,상위권,,현재 DuckDB 재산출(광역시 내부 5단계 상대서열),apartment.duckdb/v_sale_clean
지방광역시,5단계 상대서열,읍면동,광역시 내부,202301~202512,중소형,20,부산광역시,동래구,명륜동,2640.977214456798,2602.5423824172863,743,5,1,5,상위권,,현재 DuckDB 재산출(광역시 내부 5단계 상대서열),apartment.duckdb/v_sale_clean
지방광역시,5단계 상대서열,읍면동,광역시 내부,202301~202512,중소형,20,부산광역시,부산진구,전포동,2132.4721457954215,2497.0287308906095,619,5,1,5,상위권,,현재 DuckDB 재산출(광역시 내부 5단계 상대서열),apartment.duckdb/v_sale_clean
지방광역시,5단계 상대서열,읍면동,광역시 내부,202301~202512,중소형,20,부산광역시,서구,서대신동2가,2018.3493205835478,2330.744174221765,156,5,1,5,상위권,,현재 DuckDB 재산출(광역시 내부 5단계 상대서열),apartment.duckdb/v_sale_clean
지방광역시,5단계 상대서열,읍면동,광역시 내부,202301~202512,중소형,20,부산광역시,동구,수정동,1890.270425078295,2330.3353014838003,72,5,1,5,상위권,,현재 DuckDB 재산출(광역시 내부 5단계 상대서열),apartment.duckdb/v_sale_clean
지방광역시,5단계 상대서열,읍면동,광역시 내부,202301~202512,중소형,20,부산광역시,동래구,사직동,2479.6887909870943,2314.2646772586286,1103,5,1,5,상위권,,현재 DuckDB 재산출(광역시 내부 5단계 상대서열),apartment.duckdb/v_sale_clean
지방광역시,5단계 상대서열,읍면동,광역시 내부,202301~202512,중소형,20,부산광역시,해운대구,재송동,2267.3945038252155,2289.4279657125626,956,5,1,5,상위권,,현재 DuckDB 재산출(광역시 내부 5단계 상대서열),apartment.duckdb/v_sale_clean
지방광역시,5단계 상대서열,읍면동,광역시 내부,202301~202512,중소형,20,부산광역시,서구,서대신동1가,2054.682957100167,2235.8895810697954,140,5,1,5,상위권,,현재 DuckDB 재산출(광역시 내부 5단계 상대서열),apartment.duckdb/v_sale_clean
지방광역시,5단계 상대서열,읍면동,광역시 내부,202301~202512,중소형,20,부산광역시,연제구,연산동,2050.5328342294215,2209.8995305756407,2574,5,1,5,상위권,,현재 DuckDB 재산출(광역시 내부 5단계 상대서열),apartment.duckdb/v_sale_clean
지방광역시,5단계 상대서열,읍면동,광역시 내부,202301~202512,중소형,20,부산광역시,연제구,거제동,2257.66274019488,2187.5088186381977,1287,5,1,5,상위권,,현재 DuckDB 재산출(광역시 내부 5단계 상대서열),apartment.duckdb/v_sale_clean
지방광역시,5단계 상대서열,읍면동,광역시 내부,202301~202512,중소형,20,부산광역시,동래구,온천동,2295.7589398907357,2109.7962999486463,1615,5,1,5,상위권,,현재 DuckDB 재산출(광역시 내부 5단계 상대서열),apartment.duckdb/v_sale_clean
지방광역시,5단계 상대서열,읍면동,광역시 내부,202301~202512,중소형,20,부산광역시,동구,초량동,1954.8348181625245,2093.665598193486,421,5,2,4,상위권,,현재 DuckDB 재산출(광역시 내부 5단계 상대서열),apartment.duckdb/v_sale_clean
지방광역시,5단계 상대서열,읍면동,광역시 내부,202301~202512,중소형,20,부산광역시,동래구,낙민동,1934.8973728487526,2085.304088571597,291,5,2,4,상위권,,현재 DuckDB 재산출(광역시 내부 5단계 상대서열),apartment.duckdb/v_sale_clean
지방광역시,5단계 상대서열,읍면동,광역시 내부,202301~202512,중소형,20,부산광역시,해운대구,좌동,2088.988526298887,2061.618103259869,518,5,2,4,상위권,,현재 DuckDB 재산출(광역시 내부 5단계 상대서열),apartment.duckdb/v_sale_clean
지방광역시,5단계 상대서열,읍면동,광역시 내부,202301~202512,중소형,20,부산광역시,금정구,장전동,2253.906614470828,2044.8846227002227,786,5,2,4,상위권,,현재 DuckDB 재산출(광역시 내부 5단계 상대서열),apartment.duckdb/v_sale_clean
지방광역시,5단계 상대서열,읍면동,광역시 내부,202301~202512,중소형,20,부산광역시,서구,동대신동1가,1779.0217417192582,2012.736259594672,33,5,2,4,상위권,,현재 DuckDB 재산출(광역시 내부 5단계 상대서열),apartment.duckdb/v_sale_clean
지방광역시,5단계 상대서열,읍면동,광역시 내부,202301~202512,중소형,20,부산광역시,기장군,일광읍,1952.2074890635124,1984.0239557224934,629,5,2,4,상위권,,현재 DuckDB 재산출(광역시 내부 5단계 상대서열),apartment.duckdb/v_sale_clean
지방광역시,5단계 상대서열,읍면동,광역시 내부,202301~202512,중소형,20,부산광역시,영도구,봉래동4가,1925.4794234852427,1965.6755576100336,70,5,2,4,상위권,,현재 DuckDB 재산출(광역시 내부 5단계 상대서열),apartment.duckdb/v_sale_clean
지방광역시,5단계 상대서열,읍면동,광역시 내부,202301~202512,중소형,20,부산광역시,부산진구,초읍동,1662.2693879339943,1950.1064676523818,282,5,2,4,상위권,,현재 DuckDB 재산출(광역시 내부 5단계 상대서열),apartment.duckdb/v_sale_clean
지방광역시,5단계 상대서열,읍면동,광역시 내부,202301~202512,중소형,20,부산광역시,동구,범일동,1945.269060541807,1935.3119547817764,190,5,2,4,상위권,,현재 DuckDB 재산출(광역시 내부 5단계 상대서열),apartment.duckdb/v_sale_clean
지방광역시,5단계 상대서열,읍면동,광역시 내부,202301~202512,중소형,20,부산광역시,서구,암남동,1659.638404792826,1906.680679458513,170,5,2,4,상위권,,현재 DuckDB 재산출(광역시 내부 5단계 상대서열),apartment.duckdb/v_sale_clean
지방광역시,5단계 상대서열,읍면동,광역시 내부,202301~202512,중소형,20,부산광역시,서구,토성동1가,1853.712565209966,1891.3573966508798,116,5,2,4,상위권,,현재 DuckDB 재산출(광역시 내부 5단계 상대서열),apartment.duckdb/v_sale_clean
지방광역시,5단계 상대서열,읍면동,광역시 내부,202301~202512,중소형,20,부산광역시,서구,동대신동3가,1685.273455160696,1879.569411272552,71,5,2,4,상위권,,현재 DuckDB 재산출(광역시 내부 5단계 상대서열),apartment.duckdb/v_sale_clean
지방광역시,5단계 상대서열,읍면동,광역시 내부,202301~202512,중소형,20,부산광역시,강서구,명지동,1831.4365785651978,1837.4160457242938,2182,5,2,4,상위권,,현재 DuckDB 재산출(광역시 내부 5단계 상대서열),apartment.duckdb/v_sale_clean
지방광역시,5단계 상대서열,읍면동,광역시 내부,202301~202512,중소형,20,부산광역시,남구,용호동,1691.7043451568857,1828.3349120551457,832,5,2,4,상위권,,현재 DuckDB 재산출(광역시 내부 5단계 상대서열),apartment.duckdb/v_sale_clean
지방광역시,5단계 상대서열,읍면동,광역시 내부,202301~202512,중소형,20,부산광역시,북구,화명동,1709.178401750301,1813.387066786948,1347,5,2,4,상위권,,현재 DuckDB 재산출(광역시 내부 5단계 상대서열),apartment.duckdb/v_sale_clean
지방광역시,5단계 상대서열,읍면동,광역시 내부,202301~202512,중소형,20,부산광역시,수영구,망미동,1743.8412442976082,1750.5952266908976,340,5,2,4,상위권,,현재 DuckDB 재산출(광역시 내부 5단계 상대서열),apartment.duckdb/v_sale_clean
지방광역시,5단계 상대서열,읍면동,광역시 내부,202301~202512,중소형,20,부산광역시,동래구,명장동,1749.4447067792069,1745.197128878036,376,5,2,4,상위권,,현재 DuckDB 재산출(광역시 내부 5단계 상대서열),apartment.duckdb/v_sale_clean
지방광역시,5단계 상대서열,읍면동,광역시 내부,202301~202512,중소형,20,부산광역시,금정구,부곡동,1748.7160381940644,1731.44980128209,467,5,2,4,상위권,,현재 DuckDB 재산출(광역시 내부 5단계 상대서열),apartment.duckdb/v_sale_clean
지방광역시,5단계 상대서열,읍면동,광역시 내부,202301~202512,중소형,20,부산광역시,남구,문현동,1684.0630662387407,1706.7971034140803,461,5,2,4,상위권,,현재 DuckDB 재산출(광역시 내부 5단계 상대서열),apartment.duckdb/v_sale_clean
지방광역시,5단계 상대서열,읍면동,광역시 내부,202301~202512,중소형,20,부산광역시,부산진구,범천동,1649.2916697315886,1672.5548050992306,367,5,3,3,중위권,,현재 DuckDB 재산출(광역시 내부 5단계 상대서열),apartment.duckdb/v_sale_clean
지방광역시,5단계 상대서열,읍면동,광역시 내부,202301~202512,중소형,20,부산광역시,금정구,구서동,1582.7857879262158,1667.990754154699,631,5,3,3,중위권,,현재 DuckDB 재산출(광역시 내부 5단계 상대서열),apartment.duckdb/v_sale_clean
지방광역시,5단계 상대서열,읍면동,광역시 내부,202301~202512,중소형,20,부산광역시,동래구,안락동,1662.6733264993716,1642.4852450041597,382,5,3,3,중위권,,현재 DuckDB 재산출(광역시 내부 5단계 상대서열),apartment.duckdb/v_sale_clean
지방광역시,5단계 상대서열,읍면동,광역시 내부,202301~202512,중소형,20,부산광역시,동래구,수안동,1626.3536091751882,1639.2751044518996,108,5,3,3,중위권,,현재 DuckDB 재산출(광역시 내부 5단계 상대서열),apartment.duckdb/v_sale_clean
지방광역시,5단계 상대서열,읍면동,광역시 내부,202301~202512,중소형,20,부산광역시,해운대구,반여동,1613.1392344507392,1634.0234813064797,733,5,3,3,중위권,,현재 DuckDB 재산출(광역시 내부 5단계 상대서열),apartment.duckdb/v_sale_clean
지방광역시,5단계 상대서열,읍면동,광역시 내부,202301~202512,중소형,20,부산광역시,서구,서대신동3가,1507.267666449985,1618.0842554992082,151,5,3,3,중위권,,현재 DuckDB 재산출(광역시 내부 5단계 상대서열),apartment.duckdb/v_sale_clean
지방광역시,5단계 상대서열,읍면동,광역시 내부,202301~202512,중소형,20,부산광역시,부산진구,가야동,1678.5058141641111,1597.1896007608386,358,5,3,3,중위권,,현재 DuckDB 재산출(광역시 내부 5단계 상대서열),apartment.duckdb/v_sale_clean
지방광역시,5단계 상대서열,읍면동,광역시 내부,202301~202512,중소형,20,부산광역시,영도구,영선동2가,1569.2819027811015,1585.783750269608,20,5,3,3,중위권,,현재 DuckDB 재산출(광역시 내부 5단계 상대서열),apartment.duckdb/v_sale_clean
지방광역시,5단계 상대서열,읍면동,광역시 내부,202301~202512,중소형,20,부산광역시,부산진구,연지동,1739.252590376007,1578.0369840210967,450,5,3,3,중위권,,현재 DuckDB 재산출(광역시 내부 5단계 상대서열),apartment.duckdb/v_sale_clean
지방광역시,5단계 상대서열,읍면동,광역시 내부,202301~202512,중소형,20,부산광역시,부산진구,부암동,1481.6436098931385,1567.7120285988449,676,5,3,3,중위권,,현재 DuckDB 재산출(광역시 내부 5단계 상대서열),apartment.duckdb/v_sale_clean
지방광역시,5단계 상대서열,읍면동,광역시 내부,202301~202512,중소형,20,부산광역시,부산진구,양정동,1651.617793006274,1458.6062142459152,300,5,3,3,중위권,,현재 DuckDB 재산출(광역시 내부 5단계 상대서열),apartment.duckdb/v_sale_clean
지방광역시,5단계 상대서열,읍면동,광역시 내부,202301~202512,중소형,20,부산광역시,사하구,괴정동,1512.6343944460136,1423.3945620478164,621,5,3,3,중위권,,현재 DuckDB 재산출(광역시 내부 5단계 상대서열),apartment.duckdb/v_sale_clean
지방광역시,5단계 상대서열,읍면동,광역시 내부,202301~202512,중소형,20,부산광역시,영도구,봉래동2가,1285.4334314462762,1392.0326601276226,31,5,3,3,중위권,,현재 DuckDB 재산출(광역시 내부 5단계 상대서열),apartment.duckdb/v_sale_clean
지방광역시,5단계 상대서열,읍면동,광역시 내부,202301~202512,중소형,20,부산광역시,영도구,동삼동,1257.7261959731009,1364.1441436495936,245,5,3,3,중위권,,현재 DuckDB 재산출(광역시 내부 5단계 상대서열),apartment.duckdb/v_sale_clean
지방광역시,5단계 상대서열,읍면동,광역시 내부,202301~202512,중소형,20,부산광역시,북구,금곡동,1244.1764427807013,1348.6844940063256,405,5,3,3,중위권,,현재 DuckDB 재산출(광역시 내부 5단계 상대서열),apartment.duckdb/v_sale_clean
지방광역시,5단계 상대서열,읍면동,광역시 내부,202301~202512,중소형,20,부산광역시,북구,만덕동,1255.104371789336,1314.6223420611552,927,5,3,3,중위권,,현재 DuckDB 재산출(광역시 내부 5단계 상대서열),apartment.duckdb/v_sale_clean
지방광역시,5단계 상대서열,읍면동,광역시 내부,202301~202512,중소형,20,부산광역시,동구,좌천동,1511.3321429608627,1314.553255802831,85,5,3,3,중위권,,현재 DuckDB 재산출(광역시 내부 5단계 상대서열),apartment.duckdb/v_sale_clean
지방광역시,5단계 상대서열,읍면동,광역시 내부,202301~202512,중소형,20,부산광역시,사하구,구평동,1191.710483282184,1302.9494974732845,173,5,3,3,중위권,,현재 DuckDB 재산출(광역시 내부 5단계 상대서열),apartment.duckdb/v_sale_clean
지방광역시,5단계 상대서열,읍면동,광역시 내부,202301~202512,중소형,20,부산광역시,사상구,괘법동,1359.4001717081164,1285.539819595912,235,5,3,3,중위권,,현재 DuckDB 재산출(광역시 내부 5단계 상대서열),apartment.duckdb/v_sale_clean
지방광역시,5단계 상대서열,읍면동,광역시 내부,202301~202512,중소형,20,부산광역시,동래구,복천동,1464.5226497136712,1281.4932317487026,69,5,4,2,중위권,,현재 DuckDB 재산출(광역시 내부 5단계 상대서열),apartment.duckdb/v_sale_clean
지방광역시,5단계 상대서열,읍면동,광역시 내부,202301~202512,중소형,20,부산광역시,기장군,철마면,1265.3551993400915,1264.5717751572217,36,5,4,2,중위권,,현재 DuckDB 재산출(광역시 내부 5단계 상대서열),apartment.duckdb/v_sale_clean
지방광역시,5단계 상대서열,읍면동,광역시 내부,202301~202512,중소형,20,부산광역시,부산진구,개금동,1429.2949214996086,1254.1848054016089,698,5,4,2,중위권,,현재 DuckDB 재산출(광역시 내부 5단계 상대서열),apartment.duckdb/v_sale_clean
지방광역시,5단계 상대서열,읍면동,광역시 내부,202301~202512,중소형,20,부산광역시,부산진구,당감동,1268.2445551344974,1246.554688399309,463,5,4,2,중위권,,현재 DuckDB 재산출(광역시 내부 5단계 상대서열),apartment.duckdb/v_sale_clean
지방광역시,5단계 상대서열,읍면동,광역시 내부,202301~202512,중소형,20,부산광역시,기장군,정관읍,1227.2568267541121,1188.2904688390306,1103,5,4,2,중위권,,현재 DuckDB 재산출(광역시 내부 5단계 상대서열),apartment.duckdb/v_sale_clean
지방광역시,5단계 상대서열,읍면동,광역시 내부,202301~202512,중소형,20,부산광역시,영도구,영선동4가,1105.6349378136483,1163.51475003435,28,5,4,2,중위권,,현재 DuckDB 재산출(광역시 내부 5단계 상대서열),apartment.duckdb/v_sale_clean
지방광역시,5단계 상대서열,읍면동,광역시 내부,202301~202512,중소형,20,부산광역시,남구,용당동,1117.1252387434718,1151.9258618953352,90,5,4,2,중위권,,현재 DuckDB 재산출(광역시 내부 5단계 상대서열),apartment.duckdb/v_sale_clean
지방광역시,5단계 상대서열,읍면동,광역시 내부,202301~202512,중소형,20,부산광역시,금정구,청룡동,1156.2469594491463,1119.8055930935368,89,5,4,2,중위권,,현재 DuckDB 재산출(광역시 내부 5단계 상대서열),apartment.duckdb/v_sale_clean
지방광역시,5단계 상대서열,읍면동,광역시 내부,202301~202512,중소형,20,부산광역시,사상구,주례동,1251.1850447364475,1116.8192986374804,472,5,4,2,중위권,,현재 DuckDB 재산출(광역시 내부 5단계 상대서열),apartment.duckdb/v_sale_clean
지방광역시,5단계 상대서열,읍면동,광역시 내부,202301~202512,중소형,20,부산광역시,서구,남부민동,1082.4834484251296,1104.139500274948,70,5,4,2,중위권,,현재 DuckDB 재산출(광역시 내부 5단계 상대서열),apartment.duckdb/v_sale_clean
지방광역시,5단계 상대서열,읍면동,광역시 내부,202301~202512,중소형,20,부산광역시,영도구,남항동1가,1176.9771253819813,1090.0372552330527,20,5,4,2,중위권,,현재 DuckDB 재산출(광역시 내부 5단계 상대서열),apartment.duckdb/v_sale_clean
지방광역시,5단계 상대서열,읍면동,광역시 내부,202301~202512,중소형,20,부산광역시,사하구,하단동,1129.3733117288596,1089.4772065804425,511,5,4,2,중위권,,현재 DuckDB 재산출(광역시 내부 5단계 상대서열),apartment.duckdb/v_sale_clean
지방광역시,5단계 상대서열,읍면동,광역시 내부,202301~202512,중소형,20,부산광역시,해운대구,송정동,1303.4115167179154,1084.648553948246,34,5,4,2,중위권,,현재 DuckDB 재산출(광역시 내부 5단계 상대서열),apartment.duckdb/v_sale_clean
지방광역시,5단계 상대서열,읍면동,광역시 내부,202301~202512,중소형,20,부산광역시,북구,덕천동,1378.3404395734174,1081.4206698737776,142,5,4,2,중위권,,현재 DuckDB 재산출(광역시 내부 5단계 상대서열),apartment.duckdb/v_sale_clean
지방광역시,5단계 상대서열,읍면동,광역시 내부,202301~202512,중소형,20,부산광역시,북구,구포동,1144.8111837647293,1053.0262740656776,458,5,4,2,중위권,,현재 DuckDB 재산출(광역시 내부 5단계 상대서열),apartment.duckdb/v_sale_clean
지방광역시,5단계 상대서열,읍면동,광역시 내부,202301~202512,중소형,20,부산광역시,사상구,덕포동,1186.178667966922,1050.6177589748718,300,5,4,2,중위권,,현재 DuckDB 재산출(광역시 내부 5단계 상대서열),apartment.duckdb/v_sale_clean
지방광역시,5단계 상대서열,읍면동,광역시 내부,202301~202512,중소형,20,부산광역시,서구,토성동5가,964.2058515511582,1011.8956112919766,28,5,4,2,중위권,,현재 DuckDB 재산출(광역시 내부 5단계 상대서열),apartment.duckdb/v_sale_clean
지방광역시,5단계 상대서열,읍면동,광역시 내부,202301~202512,중소형,20,부산광역시,사상구,삼락동,1001.8617659521178,1005.2920957477747,20,5,4,2,중위권,,현재 DuckDB 재산출(광역시 내부 5단계 상대서열),apartment.duckdb/v_sale_clean
지방광역시,5단계 상대서열,읍면동,광역시 내부,202301~202512,중소형,20,부산광역시,기장군,기장읍,1065.888638714052,987.1388075207151,446,5,4,2,중위권,,현재 DuckDB 재산출(광역시 내부 5단계 상대서열),apartment.duckdb/v_sale_clean
지방광역시,5단계 상대서열,읍면동,광역시 내부,202301~202512,중소형,20,부산광역시,사상구,엄궁동,1067.6717669435566,985.696683987786,169,5,5,1,하위권,,현재 DuckDB 재산출(광역시 내부 5단계 상대서열),apartment.duckdb/v_sale_clean
지방광역시,5단계 상대서열,읍면동,광역시 내부,202301~202512,중소형,20,부산광역시,남구,우암동,1042.1131033550942,982.9028757314547,104,5,5,1,하위권,,현재 DuckDB 재산출(광역시 내부 5단계 상대서열),apartment.duckdb/v_sale_clean
지방광역시,5단계 상대서열,읍면동,광역시 내부,202301~202512,중소형,20,부산광역시,사하구,다대동,1054.1800178499236,972.6330245871902,595,5,5,1,하위권,,현재 DuckDB 재산출(광역시 내부 5단계 상대서열),apartment.duckdb/v_sale_clean
지방광역시,5단계 상대서열,읍면동,광역시 내부,202301~202512,중소형,20,부산광역시,남구,감만동,1028.9151449153242,952.9005319427713,76,5,5,1,하위권,,현재 DuckDB 재산출(광역시 내부 5단계 상대서열),apartment.duckdb/v_sale_clean
지방광역시,5단계 상대서열,읍면동,광역시 내부,202301~202512,중소형,20,부산광역시,서구,부민동3가,971.8477924603351,950.8993680116675,22,5,5,1,하위권,,현재 DuckDB 재산출(광역시 내부 5단계 상대서열),apartment.duckdb/v_sale_clean
지방광역시,5단계 상대서열,읍면동,광역시 내부,202301~202512,중소형,20,부산광역시,금정구,서동,970.9948126757372,946.2352111759296,30,5,5,1,하위권,,현재 DuckDB 재산출(광역시 내부 5단계 상대서열),apartment.duckdb/v_sale_clean
지방광역시,5단계 상대서열,읍면동,광역시 내부,202301~202512,중소형,20,부산광역시,사하구,신평동,913.8094571181099,932.360921203799,469,5,5,1,하위권,,현재 DuckDB 재산출(광역시 내부 5단계 상대서열),apartment.duckdb/v_sale_clean
지방광역시,5단계 상대서열,읍면동,광역시 내부,202301~202512,중소형,20,부산광역시,사하구,당리동,1005.05177260051,931.0318681939749,249,5,5,1,하위권,,현재 DuckDB 재산출(광역시 내부 5단계 상대서열),apartment.duckdb/v_sale_clean
지방광역시,5단계 상대서열,읍면동,광역시 내부,202301~202512,중소형,20,부산광역시,부산진구,부전동,983.6279850703513,894.7855255019468,75,5,5,1,하위권,,현재 DuckDB 재산출(광역시 내부 5단계 상대서열),apartment.duckdb/v_sale_clean
지방광역시,5단계 상대서열,읍면동,광역시 내부,202301~202512,중소형,20,부산광역시,강서구,지사동,864.1557612511234,863.6778310895319,95,5,5,1,하위권,,현재 DuckDB 재산출(광역시 내부 5단계 상대서열),apartment.duckdb/v_sale_clean
지방광역시,5단계 상대서열,읍면동,광역시 내부,202301~202512,중소형,20,부산광역시,사상구,모라동,932.2020692457482,849.0417468349231,399,5,5,1,하위권,,현재 DuckDB 재산출(광역시 내부 5단계 상대서열),apartment.duckdb/v_sale_clean
지방광역시,5단계 상대서열,읍면동,광역시 내부,202301~202512,중소형,20,부산광역시,금정구,남산동,840.5286687668188,826.7078974149681,93,5,5,1,하위권,,현재 DuckDB 재산출(광역시 내부 5단계 상대서열),apartment.duckdb/v_sale_clean
지방광역시,5단계 상대서열,읍면동,광역시 내부,202301~202512,중소형,20,부산광역시,중구,영주동,826.6121448298676,825.556674164068,38,5,5,1,하위권,,현재 DuckDB 재산출(광역시 내부 5단계 상대서열),apartment.duckdb/v_sale_clean
지방광역시,5단계 상대서열,읍면동,광역시 내부,202301~202512,중소형,20,부산광역시,강서구,신호동,852.7459483524759,816.7426010412689,35,5,5,1,하위권,,현재 DuckDB 재산출(광역시 내부 5단계 상대서열),apartment.duckdb/v_sale_clean
지방광역시,5단계 상대서열,읍면동,광역시 내부,202301~202512,중소형,20,부산광역시,사하구,감천동,779.4605822516069,777.905466507616,140,5,5,1,하위권,,현재 DuckDB 재산출(광역시 내부 5단계 상대서열),apartment.duckdb/v_sale_clean
지방광역시,5단계 상대서열,읍면동,광역시 내부,202301~202512,중소형,20,부산광역시,해운대구,반송동,746.5099390904187,759.5476601550062,94,5,5,1,하위권,,현재 DuckDB 재산출(광역시 내부 5단계 상대서열),apartment.duckdb/v_sale_clean
지방광역시,5단계 상대서열,읍면동,광역시 내부,202301~202512,중소형,20,부산광역시,영도구,청학동,888.4706043907694,743.0916307846134,201,5,5,1,하위권,,현재 DuckDB 재산출(광역시 내부 5단계 상대서열),apartment.duckdb/v_sale_clean
지방광역시,5단계 상대서열,읍면동,광역시 내부,202301~202512,중소형,20,부산광역시,사상구,학장동,796.3314091497036,720.3418703579321,207,5,5,1,하위권,,현재 DuckDB 재산출(광역시 내부 5단계 상대서열),apartment.duckdb/v_sale_clean
지방광역시,5단계 상대서열,읍면동,광역시 내부,202301~202512,중소형,20,부산광역시,사하구,장림동,686.9089784860855,595.5669236084152,480,5,5,1,하위권,,현재 DuckDB 재산출(광역시 내부 5단계 상대서열),apartment.duckdb/v_sale_clean
지방광역시,5단계 상대서열,읍면동,광역시 내부,202301~202512,중소형,20,울산광역시,남구,야음동,2194.502272311136,2335.7486921267164,1945,5,1,5,상위권,,현재 DuckDB 재산출(광역시 내부 5단계 상대서열),apartment.duckdb/v_sale_clean
지방광역시,5단계 상대서열,읍면동,광역시 내부,202301~202512,중소형,20,울산광역시,중구,약사동,2261.5553499856364,2292.303425823838,393,5,1,5,상위권,,현재 DuckDB 재산출(광역시 내부 5단계 상대서열),apartment.duckdb/v_sale_clean
지방광역시,5단계 상대서열,읍면동,광역시 내부,202301~202512,중소형,20,울산광역시,북구,송정동,2164.420101690214,2178.3313734672024,567,5,1,5,상위권,,현재 DuckDB 재산출(광역시 내부 5단계 상대서열),apartment.duckdb/v_sale_clean
지방광역시,5단계 상대서열,읍면동,광역시 내부,202301~202512,중소형,20,울산광역시,중구,북정동,2072.7984044816367,2086.507882891336,28,5,1,5,상위권,,현재 DuckDB 재산출(광역시 내부 5단계 상대서열),apartment.duckdb/v_sale_clean
지방광역시,5단계 상대서열,읍면동,광역시 내부,202301~202512,중소형,20,울산광역시,중구,유곡동,2078.6886566936223,2061.416743991099,524,5,1,5,상위권,,현재 DuckDB 재산출(광역시 내부 5단계 상대서열),apartment.duckdb/v_sale_clean
지방광역시,5단계 상대서열,읍면동,광역시 내부,202301~202512,중소형,20,울산광역시,남구,신정동,2106.190046533359,1999.8957501151538,1605,5,1,5,상위권,,현재 DuckDB 재산출(광역시 내부 5단계 상대서열),apartment.duckdb/v_sale_clean
지방광역시,5단계 상대서열,읍면동,광역시 내부,202301~202512,중소형,20,울산광역시,북구,화봉동,1701.2398644361247,1836.5472910927458,533,5,1,5,상위권,,현재 DuckDB 재산출(광역시 내부 5단계 상대서열),apartment.duckdb/v_sale_clean
지방광역시,5단계 상대서열,읍면동,광역시 내부,202301~202512,중소형,20,울산광역시,중구,복산동,1579.6833096498833,1830.9431166301697,398,5,1,5,상위권,,현재 DuckDB 재산출(광역시 내부 5단계 상대서열),apartment.duckdb/v_sale_clean
지방광역시,5단계 상대서열,읍면동,광역시 내부,202301~202512,중소형,20,울산광역시,중구,남외동,1653.0389019803406,1789.729185106819,200,5,1,5,상위권,,현재 DuckDB 재산출(광역시 내부 5단계 상대서열),apartment.duckdb/v_sale_clean
지방광역시,5단계 상대서열,읍면동,광역시 내부,202301~202512,중소형,20,울산광역시,남구,두왕동,1743.2255224766502,1732.7223922907638,186,5,1,5,상위권,,현재 DuckDB 재산출(광역시 내부 5단계 상대서열),apartment.duckdb/v_sale_clean
지방광역시,5단계 상대서열,읍면동,광역시 내부,202301~202512,중소형,20,울산광역시,울주군,범서읍,1532.1572224924391,1635.6684772608007,1541,5,2,4,상위권,,현재 DuckDB 재산출(광역시 내부 5단계 상대서열),apartment.duckdb/v_sale_clean
지방광역시,5단계 상대서열,읍면동,광역시 내부,202301~202512,중소형,20,울산광역시,중구,서동,1283.4234497826737,1610.4907523209154,182,5,2,4,상위권,,현재 DuckDB 재산출(광역시 내부 5단계 상대서열),apartment.duckdb/v_sale_clean
지방광역시,5단계 상대서열,읍면동,광역시 내부,202301~202512,중소형,20,울산광역시,중구,장현동,1612.8205530033981,1596.6158853444797,220,5,2,4,상위권,,현재 DuckDB 재산출(광역시 내부 5단계 상대서열),apartment.duckdb/v_sale_clean
지방광역시,5단계 상대서열,읍면동,광역시 내부,202301~202512,중소형,20,울산광역시,중구,우정동,1572.6146855065256,1497.892759117376,306,5,2,4,상위권,,현재 DuckDB 재산출(광역시 내부 5단계 상대서열),apartment.duckdb/v_sale_clean
지방광역시,5단계 상대서열,읍면동,광역시 내부,202301~202512,중소형,20,울산광역시,동구,전하동,1376.9261998274221,1489.5531425161957,706,5,2,4,상위권,,현재 DuckDB 재산출(광역시 내부 5단계 상대서열),apartment.duckdb/v_sale_clean
지방광역시,5단계 상대서열,읍면동,광역시 내부,202301~202512,중소형,20,울산광역시,중구,반구동,1470.2516231158572,1483.2702878576029,431,5,2,4,상위권,,현재 DuckDB 재산출(광역시 내부 5단계 상대서열),apartment.duckdb/v_sale_clean
지방광역시,5단계 상대서열,읍면동,광역시 내부,202301~202512,중소형,20,울산광역시,남구,옥동,1813.185902524893,1473.8181247147895,502,5,2,4,상위권,,현재 DuckDB 재산출(광역시 내부 5단계 상대서열),apartment.duckdb/v_sale_clean
지방광역시,5단계 상대서열,읍면동,광역시 내부,202301~202512,중소형,20,울산광역시,남구,무거동,1338.6756827035538,1460.2137409559741,518,5,2,4,상위권,,현재 DuckDB 재산출(광역시 내부 5단계 상대서열),apartment.duckdb/v_sale_clean
지방광역시,5단계 상대서열,읍면동,광역시 내부,202301~202512,중소형,20,울산광역시,동구,화정동,1234.5709485979535,1432.9305360804,516,5,2,4,상위권,,현재 DuckDB 재산출(광역시 내부 5단계 상대서열),apartment.duckdb/v_sale_clean
지방광역시,5단계 상대서열,읍면동,광역시 내부,202301~202512,중소형,20,울산광역시,북구,매곡동,1433.5002546173444,1432.435577476965,1386,5,2,4,상위권,,현재 DuckDB 재산출(광역시 내부 5단계 상대서열),apartment.duckdb/v_sale_clean
지방광역시,5단계 상대서열,읍면동,광역시 내부,202301~202512,중소형,20,울산광역시,남구,삼산동,1508.2990386962738,1422.407685691307,572,5,3,3,중위권,,현재 DuckDB 재산출(광역시 내부 5단계 상대서열),apartment.duckdb/v_sale_clean
지방광역시,5단계 상대서열,읍면동,광역시 내부,202301~202512,중소형,20,울산광역시,북구,효문동,1440.7463625046069,1403.8160497071476,194,5,3,3,중위권,,현재 DuckDB 재산출(광역시 내부 5단계 상대서열),apartment.duckdb/v_sale_clean
지방광역시,5단계 상대서열,읍면동,광역시 내부,202301~202512,중소형,20,울산광역시,울주군,청량읍,1303.1556030688953,1403.7978957466844,413,5,3,3,중위권,,현재 DuckDB 재산출(광역시 내부 5단계 상대서열),apartment.duckdb/v_sale_clean
지방광역시,5단계 상대서열,읍면동,광역시 내부,202301~202512,중소형,20,울산광역시,울주군,삼남읍,1203.8860759542974,1400.5108138887194,258,5,3,3,중위권,,현재 DuckDB 재산출(광역시 내부 5단계 상대서열),apartment.duckdb/v_sale_clean
지방광역시,5단계 상대서열,읍면동,광역시 내부,202301~202512,중소형,20,울산광역시,남구,달동,1417.6981034772134,1295.9150521055353,524,5,3,3,중위권,,현재 DuckDB 재산출(광역시 내부 5단계 상대서열),apartment.duckdb/v_sale_clean
지방광역시,5단계 상대서열,읍면동,광역시 내부,202301~202512,중소형,20,울산광역시,북구,호계동,1262.3737017307315,1269.1058791012574,117,5,3,3,중위권,,현재 DuckDB 재산출(광역시 내부 5단계 상대서열),apartment.duckdb/v_sale_clean
지방광역시,5단계 상대서열,읍면동,광역시 내부,202301~202512,중소형,20,울산광역시,북구,중산동,1045.4086691924826,1226.6132912058515,616,5,3,3,중위권,,현재 DuckDB 재산출(광역시 내부 5단계 상대서열),apartment.duckdb/v_sale_clean
지방광역시,5단계 상대서열,읍면동,광역시 내부,202301~202512,중소형,20,울산광역시,북구,명촌동,1302.5835579812333,1220.626995718082,548,5,3,3,중위권,,현재 DuckDB 재산출(광역시 내부 5단계 상대서열),apartment.duckdb/v_sale_clean
지방광역시,5단계 상대서열,읍면동,광역시 내부,202301~202512,중소형,20,울산광역시,북구,산하동,1201.5677814105884,1175.4248630576517,475,5,3,3,중위권,,현재 DuckDB 재산출(광역시 내부 5단계 상대서열),apartment.duckdb/v_sale_clean
지방광역시,5단계 상대서열,읍면동,광역시 내부,202301~202512,중소형,20,울산광역시,북구,달천동,1100.9679001855025,1167.406932373673,169,5,3,3,중위권,,현재 DuckDB 재산출(광역시 내부 5단계 상대서열),apartment.duckdb/v_sale_clean
지방광역시,5단계 상대서열,읍면동,광역시 내부,202301~202512,중소형,20,울산광역시,동구,일산동,1044.4280432872354,1153.227097257805,21,5,4,2,중위권,,현재 DuckDB 재산출(광역시 내부 5단계 상대서열),apartment.duckdb/v_sale_clean
지방광역시,5단계 상대서열,읍면동,광역시 내부,202301~202512,중소형,20,울산광역시,동구,서부동,1398.5570406740915,1149.3301255984065,412,5,4,2,중위권,,현재 DuckDB 재산출(광역시 내부 5단계 상대서열),apartment.duckdb/v_sale_clean
지방광역시,5단계 상대서열,읍면동,광역시 내부,202301~202512,중소형,20,울산광역시,울주군,언양읍,1055.308303212539,1131.5903492707266,440,5,4,2,중위권,,현재 DuckDB 재산출(광역시 내부 5단계 상대서열),apartment.duckdb/v_sale_clean
지방광역시,5단계 상대서열,읍면동,광역시 내부,202301~202512,중소형,20,울산광역시,북구,연암동,1126.3212766817906,1124.4963925335783,77,5,4,2,중위권,,현재 DuckDB 재산출(광역시 내부 5단계 상대서열),apartment.duckdb/v_sale_clean
지방광역시,5단계 상대서열,읍면동,광역시 내부,202301~202512,중소형,20,울산광역시,울주군,온양읍,1034.422963391164,1121.033959203414,514,5,4,2,중위권,,현재 DuckDB 재산출(광역시 내부 5단계 상대서열),apartment.duckdb/v_sale_clean
지방광역시,5단계 상대서열,읍면동,광역시 내부,202301~202512,중소형,20,울산광역시,중구,학성동,1042.8850179040305,1100.3564368886634,135,5,4,2,중위권,,현재 DuckDB 재산출(광역시 내부 5단계 상대서열),apartment.duckdb/v_sale_clean
지방광역시,5단계 상대서열,읍면동,광역시 내부,202301~202512,중소형,20,울산광역시,북구,양정동,1140.2322093387832,1093.5741427701905,164,5,4,2,중위권,,현재 DuckDB 재산출(광역시 내부 5단계 상대서열),apartment.duckdb/v_sale_clean
지방광역시,5단계 상대서열,읍면동,광역시 내부,202301~202512,중소형,20,울산광역시,북구,신천동,1026.7069841486439,1031.3296443709771,479,5,4,2,중위권,,현재 DuckDB 재산출(광역시 내부 5단계 상대서열),apartment.duckdb/v_sale_clean
지방광역시,5단계 상대서열,읍면동,광역시 내부,202301~202512,중소형,20,울산광역시,북구,천곡동,930.0115262018495,1000.5271255410324,413,5,4,2,중위권,,현재 DuckDB 재산출(광역시 내부 5단계 상대서열),apartment.duckdb/v_sale_clean
지방광역시,5단계 상대서열,읍면동,광역시 내부,202301~202512,중소형,20,울산광역시,중구,다운동,935.2103797361837,933.7057263005063,51,5,4,2,중위권,,현재 DuckDB 재산출(광역시 내부 5단계 상대서열),apartment.duckdb/v_sale_clean
지방광역시,5단계 상대서열,읍면동,광역시 내부,202301~202512,중소형,20,울산광역시,중구,태화동,885.4205900196631,850.4721183346905,271,5,5,1,하위권,,현재 DuckDB 재산출(광역시 내부 5단계 상대서열),apartment.duckdb/v_sale_clean
지방광역시,5단계 상대서열,읍면동,광역시 내부,202301~202512,중소형,20,울산광역시,동구,방어동,907.5245283628533,829.9082956209415,340,5,5,1,하위권,,현재 DuckDB 재산출(광역시 내부 5단계 상대서열),apartment.duckdb/v_sale_clean
지방광역시,5단계 상대서열,읍면동,광역시 내부,202301~202512,중소형,20,울산광역시,북구,염포동,823.2317989182327,829.4714120238225,146,5,5,1,하위권,,현재 DuckDB 재산출(광역시 내부 5단계 상대서열),apartment.duckdb/v_sale_clean
지방광역시,5단계 상대서열,읍면동,광역시 내부,202301~202512,중소형,20,울산광역시,중구,성안동,799.7929300619321,778.9012334037693,370,5,5,1,하위권,,현재 DuckDB 재산출(광역시 내부 5단계 상대서열),apartment.duckdb/v_sale_clean
지방광역시,5단계 상대서열,읍면동,광역시 내부,202301~202512,중소형,20,울산광역시,북구,상안동,772.9933653307927,768.7419780801495,46,5,5,1,하위권,,현재 DuckDB 재산출(광역시 내부 5단계 상대서열),apartment.duckdb/v_sale_clean
지방광역시,5단계 상대서열,읍면동,광역시 내부,202301~202512,중소형,20,울산광역시,남구,선암동,878.44217999107,746.8942619459318,219,5,5,1,하위권,,현재 DuckDB 재산출(광역시 내부 5단계 상대서열),apartment.duckdb/v_sale_clean
지방광역시,5단계 상대서열,읍면동,광역시 내부,202301~202512,중소형,20,울산광역시,울주군,온산읍,689.6244525599417,700.873171159069,93,5,5,1,하위권,,현재 DuckDB 재산출(광역시 내부 5단계 상대서열),apartment.duckdb/v_sale_clean
지방광역시,5단계 상대서열,읍면동,광역시 내부,202301~202512,중소형,20,울산광역시,동구,동부동,554.3865411312272,539.7755622284112,119,5,5,1,하위권,,현재 DuckDB 재산출(광역시 내부 5단계 상대서열),apartment.duckdb/v_sale_clean
지방광역시,5단계 상대서열,읍면동,광역시 내부,202301~202512,중소형,20,울산광역시,중구,동동,532.60726654514,535.0927909850468,21,5,5,1,하위권,,현재 DuckDB 재산출(광역시 내부 5단계 상대서열),apartment.duckdb/v_sale_clean
지방광역시,5단계 상대서열,읍면동,광역시 내부,202301~202512,중소형,20,울산광역시,울주군,상북면,399.208384113109,415.6390424299921,31,5,5,1,하위권,,현재 DuckDB 재산출(광역시 내부 5단계 상대서열),apartment.duckdb/v_sale_clean
