정책후판정,정책세부유형,심화행동라벨,시도,시군구,투자검토분류,상승확률점수,투자적합성점수,정책메모,토허활성여부,임차수요기반양호,월세비중높음,임차선행,broad,completed_unsold,completed_unsold_ratio_pct,정책판정메모
우선 회복 후보,,우선 매수 검토,경기도,부천시 원미구,우선 검토,76.36272602698541,71.58117800478158,수도권 대체지·확산 수혜 가능,아니오,예,아니오,아니오,부천시,129.0,0.0773075401819424,"준공후미분양비율 0.077%, 수도권 대체지·확산 수혜 가능, 임차 수요 기반 양호"
우선 회복 후보,,우선 매수 검토,경기도,안양시 만안구,우선 검토,72.86635264118131,69.95761790915019,수도권 대체지·확산 수혜 가능,아니오,예,아니오,아니오,안양시,61.0,0.043190427302014375,"준공후미분양비율 0.043%, 수도권 대체지·확산 수혜 가능, 임차 수요 기반 양호"
우선 회복 후보,,우선 매수 검토,경기도,군포시,우선 검토,70.61334108802245,60.94061677413123,수도권 대체지·확산 수혜 가능,아니오,예,아니오,아니오,군포시,0.0,0.0,"준공후미분양비율 0.000%, 수도권 대체지·확산 수혜 가능, 임차 수요 기반 양호"
우선 회복 후보,,우선 매수 검토,광주광역시,광산구,우선 검토,66.77026741253901,76.49222793756591,중립,아니오,예,아니오,예,광산구,83.0,0.06423104603740878,"준공후미분양비율 0.064%, 중립, 임차 수요 기반 양호, 임차 선행"
정책 리스크 경계,정책 리스크 점검형,우선 매수 검토,부산광역시,북구,우선 검토,71.82021514172854,63.4890429080098,중립,아니오,아니오,아니오,예,북구,155.0,0.17023052507880027,"정책 리스크 점검형, 준공후미분양비율 0.170%, 중립, 임차 선행"
정책 리스크 경계,미분양·월세 구조 동시 점검형,회피,전라남도,목포시,즉시 제외,69.05987786934796,42.94506561912198,중립,아니오,예,아니오,아니오,목포시,241.0,0.33476871787748297,"미분양·월세 구조 동시 점검형, 준공후미분양비율 0.335%, 중립, 임차 수요 기반 양호"
정책 리스크 경계,미분양·월세 구조 동시 점검형,우선 매수 검토,강원특별자치도,원주시,우선 검토,68.35884803210428,61.67336140023237,중립,아니오,예,아니오,예,원주시,325.0,0.2781938797346458,"미분양·월세 구조 동시 점검형, 준공후미분양비율 0.278%, 중립, 임차 수요 기반 양호, 임차 선행"
정책 리스크 경계,미분양·월세 구조 동시 점검형,보수 접근,경상남도,창원시 의창구,판단 보류,68.14926460233143,50.574875027168005,중립,아니오,아니오,아니오,예,창원시,1188.0,0.44722180394518896,"미분양·월세 구조 동시 점검형, 준공후미분양비율 0.447%, 중립, 임차 선행"
정책 리스크 경계,미분양·월세 구조 동시 점검형,회피,전라남도,화순군,즉시 제외,66.64759946263356,22.161486633340576,중립,아니오,예,아니오,아니오,화순군,127.0,0.8953119492421571,"미분양·월세 구조 동시 점검형, 준공후미분양비율 0.895%, 중립, 임차 수요 기반 양호"
정책 리스크 경계,시장 규모·출구 점검형,회피,강원특별자치도,태백시,즉시 제외,66.52884456459765,2.5330242217875343,중립,아니오,아니오,아니오,아니오,태백시,0.0,0.0,"시장 규모·출구 점검형, 준공후미분양비율 0.000%, 중립"
정책 리스크 경계,미분양·월세 구조 동시 점검형,회피,전북특별자치도,익산시,즉시 제외,65.45291946533028,45.21405706220602,중립,아니오,예,아니오,예,익산시,714.0,0.866557436737666,"미분양·월세 구조 동시 점검형, 준공후미분양비율 0.867%, 중립, 임차 수요 기반 양호, 임차 선행"
정책 리스크 경계,미분양·월세 구조 동시 점검형,회피,충청남도,홍성군,즉시 제외,64.5761336121436,20.24668550315149,중립,아니오,예,아니오,예,홍성군,725.0,2.731931569824403,"미분양·월세 구조 동시 점검형, 준공후미분양비율 2.732%, 중립, 임차 수요 기반 양호, 임차 선행"
정책 리스크 경계,미분양·월세 구조 동시 점검형,회피,경상남도,밀양시,즉시 제외,64.29310197514339,16.615845723286135,중립,아니오,아니오,예,예,밀양시,59.0,0.30671657309211897,"미분양·월세 구조 동시 점검형, 준공후미분양비율 0.307%, 중립, 임차 선행, 월세 비중 높음"
정책 리스크 경계,미분양·월세 구조 동시 점검형,우선 매수 검토,광주광역시,남구,우선 검토,64.0732299765577,57.84598624560952,중립,아니오,아니오,예,예,남구,144.0,0.2123330089356808,"미분양·월세 구조 동시 점검형, 준공후미분양비율 0.212%, 중립, 임차 선행, 월세 비중 높음"
정책 리스크 경계,정책 리스크 점검형,우선 매수 검토,부산광역시,동래구,우선 검토,63.80000721360296,74.28041676393484,중립,아니오,아니오,아니오,아니오,동래구,78.0,0.1084885322057944,"정책 리스크 점검형, 준공후미분양비율 0.108%, 중립"
정책 리스크 경계,시장 규모·출구 점검형,회피,울산광역시,동구,즉시 제외,62.65097423582392,42.13372830919741,중립,아니오,아니오,아니오,아니오,동구,64.0,0.1495956243279884,"시장 규모·출구 점검형, 준공후미분양비율 0.150%, 중립"
정책 리스크 경계,미분양·월세 구조 동시 점검형,회피,충청남도,서산시,즉시 제외,62.00858007173613,35.056254544771534,중립,아니오,예,아니오,예,서산시,110.0,0.2380952380952381,"미분양·월세 구조 동시 점검형, 준공후미분양비율 0.238%, 중립, 임차 수요 기반 양호, 임차 선행"
정책 리스크 경계,미분양·월세 구조 동시 점검형,회피,부산광역시,서구,즉시 제외,61.99556908993187,40.383572009305546,중립,아니오,예,아니오,예,서구,190.0,0.8197074938521938,"미분양·월세 구조 동시 점검형, 준공후미분양비율 0.820%, 중립, 임차 수요 기반 양호, 임차 선행"
정책 리스크 경계,미분양·월세 구조 동시 점검형,회피,전북특별자치도,김제시,즉시 제외,61.53637394921698,8.807156790928435,중립,아니오,예,아니오,예,김제시,78.0,0.5767524401064774,"미분양·월세 구조 동시 점검형, 준공후미분양비율 0.577%, 중립, 임차 수요 기반 양호, 임차 선행"
정책 리스크 경계,미분양·월세 구조 동시 점검형,우선 매수 검토,부산광역시,부산진구,우선 검토,61.42673818845638,73.2300546580051,중립,아니오,아니오,아니오,예,부산진구,1122.0,1.0823220728107577,"미분양·월세 구조 동시 점검형, 준공후미분양비율 1.082%, 중립, 임차 선행"
정책 리스크 경계,미분양·월세 구조 동시 점검형,보수 접근,부산광역시,사하구,판단 보류,61.02547257802345,53.65739063703274,중립,아니오,아니오,예,아니오,사하구,440.0,0.5058110795617836,"미분양·월세 구조 동시 점검형, 준공후미분양비율 0.506%, 중립, 월세 비중 높음"
정책 리스크 경계,정책 리스크 점검형,우선 매수 검토,전라남도,순천시,우선 검토,60.46148229207679,56.37794789645837,중립,아니오,아니오,아니오,예,순천시,152.0,0.17750373692077728,"정책 리스크 점검형, 준공후미분양비율 0.178%, 중립, 임차 선행"
정책 리스크 경계,미분양·월세 구조 동시 점검형,관찰 유지,경상남도,창원시 성산구,판단 보류,60.01893623283346,77.14192566833296,중립,아니오,예,아니오,예,창원시,1188.0,0.44722180394518896,"미분양·월세 구조 동시 점검형, 준공후미분양비율 0.447%, 중립, 임차 수요 기반 양호, 임차 선행"
정책 리스크 경계,미분양·월세 구조 동시 점검형,회피,충청북도,음성군,즉시 제외,59.96091747089661,14.19582699413171,중립,아니오,아니오,예,아니오,음성군,866.0,3.348153875894065,"미분양·월세 구조 동시 점검형, 준공후미분양비율 3.348%, 중립, 월세 비중 높음"
정책 리스크 경계,직접 규제 영향형,관찰 유지,서울특별시,서대문구,우선 검토,59.84967874838474,70.14342024412299,중립,예,아니오,아니오,아니오,서대문구,0.0,0.0,"직접 규제 영향형, 준공후미분양비율 0.000%, 중립, 토허 활성"
정책 리스크 경계,시장 규모·출구 점검형,회피,충청남도,당진시,즉시 제외,59.82675190528257,31.11272106707881,중립,아니오,아니오,아니오,예,당진시,78.0,0.16591861479228265,"시장 규모·출구 점검형, 준공후미분양비율 0.166%, 중립, 임차 선행"
정책 리스크 경계,정책 리스크 점검형,관찰 유지,경기도,의정부시,우선 검토,59.789935786364715,79.54076006021235,중립,아니오,아니오,아니오,아니오,의정부시,182.0,0.1344691792208176,"정책 리스크 점검형, 준공후미분양비율 0.134%, 중립"
정책 리스크 경계,미분양·월세 구조 동시 점검형,회피,경상남도,사천시,즉시 제외,59.55735375179998,13.800676718158426,중립,아니오,아니오,예,아니오,사천시,277.0,1.0545952942968095,"미분양·월세 구조 동시 점검형, 준공후미분양비율 1.055%, 중립, 월세 비중 높음"
정책 리스크 경계,시장 규모·출구 점검형,회피,강원특별자치도,고성군,즉시 제외,59.26031779939269,16.454031732232124,중립,아니오,아니오,아니오,아니오,고성군,0.0,0.0,"시장 규모·출구 점검형, 준공후미분양비율 0.000%, 중립"
정책 리스크 경계,미분양·월세 구조 동시 점검형,회피,충청북도,보은군,즉시 제외,58.87218036903592,3.492718974136057,중립,아니오,아니오,아니오,아니오,보은군,59.0,1.9959404600811907,"미분양·월세 구조 동시 점검형, 준공후미분양비율 1.996%, 중립"
정책 리스크 경계,미분양·월세 구조 동시 점검형,관찰 유지,경상남도,김해시,우선 검토,58.702606981917995,73.14282187715499,중립,아니오,아니오,예,예,김해시,658.0,0.40871596104154245,"미분양·월세 구조 동시 점검형, 준공후미분양비율 0.409%, 중립, 임차 선행, 월세 비중 높음"
정책 리스크 경계,시장 규모·출구 점검형,회피,충청남도,논산시,즉시 제외,58.263920198102674,15.769733364459148,중립,아니오,예,아니오,예,논산시,3.0,0.017893355600620303,"시장 규모·출구 점검형, 준공후미분양비율 0.018%, 중립, 임차 수요 기반 양호, 임차 선행"
정책 리스크 경계,시장 규모·출구 점검형,회피,전라남도,무안군,즉시 제외,57.94044746515267,31.92349489241469,중립,아니오,아니오,아니오,예,무안군,3.0,0.015792798483891344,"시장 규모·출구 점검형, 준공후미분양비율 0.016%, 중립, 임차 선행"
정책 리스크 경계,미분양·월세 구조 동시 점검형,회피,경상남도,거창군,즉시 제외,57.92165386544635,18.41664855466203,중립,아니오,아니오,아니오,예,거창군,60.0,0.637890708058686,"미분양·월세 구조 동시 점검형, 준공후미분양비율 0.638%, 중립, 임차 선행"
정책 리스크 경계,정책 리스크 점검형,관찰 유지,대전광역시,서구,판단 보류,57.66573095725576,82.29630702933608,중립,아니오,아니오,아니오,예,서구,163.0,0.12912936702844016,"정책 리스크 점검형, 준공후미분양비율 0.129%, 중립, 임차 선행"
정책 리스크 경계,시장 규모·출구 점검형,회피,경상북도,경산시,즉시 제외,57.15101648028249,49.16070312143629,중립,아니오,예,아니오,예,경산시,15.0,0.018752109612331386,"시장 규모·출구 점검형, 준공후미분양비율 0.019%, 중립, 임차 수요 기반 양호, 임차 선행"
정책 리스크 경계,미분양·월세 구조 동시 점검형,보수 접근,경상남도,창원시 마산합포구,판단 보류,56.86601395475425,52.90915018474245,중립,아니오,예,아니오,예,창원시,1188.0,0.44722180394518896,"미분양·월세 구조 동시 점검형, 준공후미분양비율 0.447%, 중립, 임차 수요 기반 양호, 임차 선행"
정책 리스크 경계,정책 리스크 점검형,관찰 유지,대구광역시,북구,판단 보류,56.51126978879879,77.72325393567152,중립,아니오,아니오,아니오,아니오,북구,116.0,0.09054082532645431,"정책 리스크 점검형, 준공후미분양비율 0.091%, 중립"
정책 리스크 경계,미분양·월세 구조 동시 점검형,보수 접근,부산광역시,수영구,판단 보류,56.380588279535075,58.76516377277081,중립,아니오,아니오,예,아니오,수영구,195.0,0.4672449321895816,"미분양·월세 구조 동시 점검형, 준공후미분양비율 0.467%, 중립, 월세 비중 높음"
정책 리스크 경계,미분양·월세 구조 동시 점검형,회피,경상남도,창원시 마산회원구,즉시 제외,56.17037049168395,43.23407954792437,중립,아니오,아니오,아니오,예,창원시,1188.0,0.44722180394518896,"미분양·월세 구조 동시 점검형, 준공후미분양비율 0.447%, 중립, 임차 선행"
정책 리스크 경계,미분양·월세 구조 동시 점검형,회피,경상남도,함양군,즉시 제외,55.979773280735984,16.235600956313842,중립,아니오,아니오,아니오,아니오,함양군,92.0,2.6604973973395025,"미분양·월세 구조 동시 점검형, 준공후미분양비율 2.660%, 중립"
정책 리스크 경계,직접 규제 영향형,보수 접근,서울특별시,은평구,판단 보류,55.90534058321049,71.48491605421258,중립,예,아니오,아니오,아니오,은평구,0.0,0.0,"직접 규제 영향형, 준공후미분양비율 0.000%, 중립, 토허 활성"
정책 리스크 경계,미분양·월세 구조 동시 점검형,보수 접근,경상남도,양산시,판단 보류,55.85038461584567,61.74838534832739,중립,아니오,아니오,아니오,예,양산시,301.0,0.2302561121140724,"미분양·월세 구조 동시 점검형, 준공후미분양비율 0.230%, 중립, 임차 선행"
정책 리스크 경계,미분양·월세 구조 동시 점검형,회피,경상북도,청도군,즉시 제외,55.757910252210934,4.434905455335796,중립,아니오,아니오,아니오,아니오,청도군,31.0,1.3882669055082848,"미분양·월세 구조 동시 점검형, 준공후미분양비율 1.388%, 중립"
정책 리스크 경계,미분양·월세 구조 동시 점검형,회피,경상남도,창원시 진해구,즉시 제외,55.70029092315945,34.70223864377309,중립,아니오,예,아니오,예,창원시,1188.0,0.44722180394518896,"미분양·월세 구조 동시 점검형, 준공후미분양비율 0.447%, 중립, 임차 수요 기반 양호, 임차 선행"
정책 리스크 경계,시장 규모·출구 점검형,회피,경기도,가평군,즉시 제외,55.47838927537815,16.780047815692242,중립,아니오,아니오,아니오,예,가평군,0.0,0.0,"시장 규모·출구 점검형, 준공후미분양비율 0.000%, 중립, 임차 선행"
정책 리스크 경계,미분양·월세 구조 동시 점검형,관찰 유지,대구광역시,수성구,판단 보류,55.364861822150175,86.59242086395602,중립,아니오,아니오,아니오,아니오,수성구,626.0,0.5288591511219248,"미분양·월세 구조 동시 점검형, 준공후미분양비율 0.529%, 중립"
정책 리스크 경계,미분양·월세 구조 동시 점검형,회피,경상북도,포항시 남구,즉시 제외,55.24015402605499,29.569658769832643,중립,아니오,아니오,아니오,아니오,포항시,1148.0,0.7952396456057468,"미분양·월세 구조 동시 점검형, 준공후미분양비율 0.795%, 중립"
정책 리스크 경계,정책 리스크 점검형,관찰 유지,경기도,남양주시,판단 보류,55.1960296685195,86.68931338061238,중립,아니오,예,아니오,예,남양주시,215.0,0.10432183528795254,"정책 리스크 점검형, 준공후미분양비율 0.104%, 중립, 임차 수요 기반 양호, 임차 선행"
정책 리스크 경계,미분양·월세 구조 동시 점검형,보수 접근,경상북도,구미시,판단 보류,54.961387317206686,64.34570047842526,중립,아니오,아니오,예,아니오,구미시,674.0,0.5622335855320783,"미분양·월세 구조 동시 점검형, 준공후미분양비율 0.562%, 중립, 월세 비중 높음"
정책 리스크 경계,미분양·월세 구조 동시 점검형,회피,경상북도,칠곡군,즉시 제외,54.7834202597904,16.989784829384917,중립,아니오,예,아니오,예,칠곡군,546.0,2.1575058284269177,"미분양·월세 구조 동시 점검형, 준공후미분양비율 2.158%, 중립, 임차 수요 기반 양호, 임차 선행"
정책 리스크 경계,시장 규모·출구 점검형,회피,경상남도,함안군,즉시 제외,54.64067628103188,10.475983481851772,중립,아니오,아니오,아니오,아니오,함안군,0.0,0.0,"시장 규모·출구 점검형, 준공후미분양비율 0.000%, 중립"
정책 리스크 경계,미분양·월세 구조 동시 점검형,회피,경상북도,상주시,즉시 제외,54.35983163520689,10.424330727887924,중립,아니오,아니오,예,아니오,상주시,85.0,0.6826760902738735,"미분양·월세 구조 동시 점검형, 준공후미분양비율 0.683%, 중립, 월세 비중 높음"
정책 리스크 경계,미분양·월세 구조 동시 점검형,관찰 유지,대구광역시,달서구,판단 보류,54.25451953659362,83.8839382742882,중립,아니오,아니오,예,예,달서구,454.0,0.2777047154750035,"미분양·월세 구조 동시 점검형, 준공후미분양비율 0.278%, 중립, 임차 선행, 월세 비중 높음"
정책 리스크 경계,미분양·월세 구조 동시 점검형,회피,충청남도,예산군,즉시 제외,54.24628081035363,16.30297761356227,중립,아니오,아니오,예,아니오,예산군,189.0,1.1796280114842093,"미분양·월세 구조 동시 점검형, 준공후미분양비율 1.180%, 중립, 월세 비중 높음"
정책 리스크 경계,미분양·월세 구조 동시 점검형,보수 접근,대전광역시,중구,판단 보류,54.202350871920984,51.66311134723798,중립,아니오,아니오,예,예,중구,167.0,0.29344579160077316,"미분양·월세 구조 동시 점검형, 준공후미분양비율 0.293%, 중립, 임차 선행, 월세 비중 높음"
정책 리스크 경계,시장 규모·출구 점검형,회피,부산광역시,중구,즉시 제외,54.02057821218588,2.971576227390181,중립,아니오,아니오,아니오,아니오,중구,0.0,0.0,"시장 규모·출구 점검형, 준공후미분양비율 0.000%, 중립"
정책 리스크 경계,시장 규모·출구 점검형,회피,강원특별자치도,홍천군,즉시 제외,54.01589230360254,20.302108237339706,중립,아니오,아니오,아니오,아니오,홍천군,0.0,0.0,"시장 규모·출구 점검형, 준공후미분양비율 0.000%, 중립"
정책 리스크 경계,시장 규모·출구 점검형,회피,부산광역시,강서구,즉시 제외,53.88564846497799,48.0148706266217,중립,아니오,예,아니오,예,강서구,0.0,0.0,"시장 규모·출구 점검형, 준공후미분양비율 0.000%, 중립, 임차 수요 기반 양호, 임차 선행"
정책 리스크 경계,미분양·월세 구조 동시 점검형,보수 접근,부산광역시,금정구,판단 보류,53.86140289545315,55.48265138281801,중립,아니오,아니오,아니오,아니오,금정구,257.0,0.5294166117336849,"미분양·월세 구조 동시 점검형, 준공후미분양비율 0.529%, 중립"
정책 리스크 경계,미분양·월세 구조 동시 점검형,회피,충청북도,제천시,즉시 제외,53.73235883977799,30.500642640757107,중립,아니오,아니오,예,예,제천시,92.0,0.28075315084378527,"미분양·월세 구조 동시 점검형, 준공후미분양비율 0.281%, 중립, 임차 선행, 월세 비중 높음"
정책 리스크 경계,미분양·월세 구조 동시 점검형,회피,전라남도,여수시,즉시 제외,53.71414766322946,43.79305625991129,중립,아니오,예,아니오,예,여수시,451.0,0.6118323769213029,"미분양·월세 구조 동시 점검형, 준공후미분양비율 0.612%, 중립, 임차 수요 기반 양호, 임차 선행"
정책 리스크 경계,시장 규모·출구 점검형,회피,대전광역시,대덕구,즉시 제외,53.655727069706835,41.698181554734475,중립,아니오,예,아니오,예,대덕구,1.0,0.002242605009979592,"시장 규모·출구 점검형, 준공후미분양비율 0.002%, 중립, 임차 수요 기반 양호, 임차 선행"
정책 리스크 경계,미분양·월세 구조 동시 점검형,회피,전북특별자치도,완주군,즉시 제외,53.495712152931056,40.095631384481635,중립,아니오,예,아니오,예,완주군,138.0,0.5608616134931924,"미분양·월세 구조 동시 점검형, 준공후미분양비율 0.561%, 중립, 임차 수요 기반 양호, 임차 선행"
정책 리스크 경계,시장 규모·출구 점검형,회피,전북특별자치도,정읍시,즉시 제외,53.20774338273961,22.93902828424309,중립,아니오,아니오,아니오,예,정읍시,0.0,0.0,"시장 규모·출구 점검형, 준공후미분양비율 0.000%, 중립, 임차 선행"
정책 리스크 경계,공급 부담 우선 점검형,회피,경기도,이천시,즉시 제외,53.03041259468993,31.7806381328804,수도권 공급 부담 경계,아니오,아니오,예,아니오,이천시,3.0,0.006917383384445111,"공급 부담 우선 점검형, 준공후미분양비율 0.007%, 수도권 공급 부담 경계, 월세 비중 높음"
정책 리스크 경계,미분양·월세 구조 동시 점검형,회피,경상북도,포항시 북구,즉시 제외,52.84641350631595,47.25603129754401,중립,아니오,아니오,아니오,예,포항시,1148.0,0.7952396456057468,"미분양·월세 구조 동시 점검형, 준공후미분양비율 0.795%, 중립, 임차 선행"
정책 리스크 경계,직접 규제 영향형,보수 접근,서울특별시,강동구,판단 보류,52.802186655045496,88.84359546099749,중립,예,아니오,아니오,아니오,강동구,285.0,0.2916764745013356,"직접 규제 영향형, 준공후미분양비율 0.292%, 중립, 토허 활성"
정책 리스크 경계,시장 규모·출구 점검형,회피,경상북도,예천군,즉시 제외,52.69710411553695,28.67094109976092,중립,아니오,아니오,아니오,예,예천군,0.0,0.0,"시장 규모·출구 점검형, 준공후미분양비율 0.000%, 중립, 임차 선행"
정책 리스크 경계,시장 규모·출구 점검형,회피,충청남도,천안시 동남구,즉시 제외,52.63356305906442,41.20517278852424,중립,아니오,아니오,예,예,천안시,322.0,0.15625227463520916,"시장 규모·출구 점검형, 준공후미분양비율 0.156%, 중립, 임차 선행, 월세 비중 높음"
정책 리스크 경계,공급 부담 우선 점검형,보수 접근,경기도,광주시,판단 보류,52.60303746017209,65.15676946235521,수도권 공급 부담 경계,아니오,예,아니오,예,광주시,48.0,0.07794105707558659,"공급 부담 우선 점검형, 준공후미분양비율 0.078%, 수도권 공급 부담 경계, 임차 수요 기반 양호, 임차 선행"
정책 리스크 경계,미분양·월세 구조 동시 점검형,보수 접근,경기도,양주시,판단 보류,52.32119450221225,62.39226040501126,중립,아니오,아니오,예,아니오,양주시,374.0,0.38910505836575876,"미분양·월세 구조 동시 점검형, 준공후미분양비율 0.389%, 중립, 월세 비중 높음"
정책 리스크 경계,미분양·월세 구조 동시 점검형,회피,충청남도,아산시,즉시 제외,52.17308962057762,47.44575119203822,중립,아니오,아니오,예,예,아산시,328.0,0.27408020188346577,"미분양·월세 구조 동시 점검형, 준공후미분양비율 0.274%, 중립, 임차 선행, 월세 비중 높음"
정책 리스크 경계,공급 부담 우선 점검형,회피,경기도,안성시,즉시 제외,52.15376727792528,23.662971817720784,수도권 공급 부담 경계,아니오,아니오,예,아니오,안성시,85.0,0.1520980585130178,"공급 부담 우선 점검형, 준공후미분양비율 0.152%, 수도권 공급 부담 경계, 월세 비중 높음"
정책 리스크 경계,시장 규모·출구 점검형,회피,경기도,부천시 오정구,즉시 제외,52.08017873446724,37.58096066072593,중립,아니오,아니오,아니오,예,부천시,129.0,0.0773075401819424,"시장 규모·출구 점검형, 준공후미분양비율 0.077%, 중립, 임차 선행"
정책 리스크 경계,시장 규모·출구 점검형,회피,인천광역시,강화군,즉시 제외,51.929380106049166,4.88698109106716,중립,아니오,아니오,아니오,예,강화군,0.0,0.0,"시장 규모·출구 점검형, 준공후미분양비율 0.000%, 중립, 임차 선행"
정책 리스크 경계,직접 규제 영향형,보수 접근,서울특별시,구로구,판단 보류,51.90026233615893,76.45256935556147,중립,예,아니오,아니오,아니오,구로구,30.0,0.035203003989673784,"직접 규제 영향형, 준공후미분양비율 0.035%, 중립, 토허 활성"
정책 리스크 경계,미분양·월세 구조 동시 점검형,보수 접근,전북특별자치도,군산시,판단 보류,51.7745825875305,50.35402931729817,중립,아니오,아니오,아니오,아니오,군산시,372.0,0.42989876577451114,"미분양·월세 구조 동시 점검형, 준공후미분양비율 0.430%, 중립"
정책 리스크 경계,직접 규제 영향형,보수 접근,서울특별시,동대문구,판단 보류,51.69461824593217,73.84784842801217,중립,예,아니오,아니오,아니오,동대문구,53.0,0.08048717520387554,"직접 규제 영향형, 준공후미분양비율 0.080%, 중립, 토허 활성"
정책 리스크 경계,미분양·월세 구조 동시 점검형,회피,경상남도,거제시,즉시 제외,51.61954824403862,41.15852431436,중립,아니오,아니오,예,예,거제시,425.0,0.5881701680090785,"미분양·월세 구조 동시 점검형, 준공후미분양비율 0.588%, 중립, 임차 선행, 월세 비중 높음"
정책 리스크 경계,공급 부담 우선 점검형,보수 접근,경기도,평택시,판단 보류,51.56310699023732,78.33825711533457,수도권 공급 부담 경계,아니오,아니오,예,예,평택시,33.0,0.01831623817770081,"공급 부담 우선 점검형, 준공후미분양비율 0.018%, 수도권 공급 부담 경계, 임차 선행, 월세 비중 높음"
정책 리스크 경계,정책 리스크 점검형,관찰 유지,충청남도,천안시 서북구,우선 검토,51.49842638348911,66.60399913062378,중립,아니오,아니오,아니오,예,천안시,322.0,0.15625227463520916,"정책 리스크 점검형, 준공후미분양비율 0.156%, 중립, 임차 선행"
정책 리스크 경계,미분양·월세 구조 동시 점검형,관찰 유지,울산광역시,울주군,우선 검토,51.419481843312425,59.89241469245816,중립,아니오,아니오,예,예,울주군,517.0,0.8919021495359348,"미분양·월세 구조 동시 점검형, 준공후미분양비율 0.892%, 중립, 임차 선행, 월세 비중 높음"
정책 리스크 경계,미분양·월세 구조 동시 점검형,회피,경상남도,고성군,즉시 제외,51.408243637761856,12.827646163877418,중립,아니오,아니오,예,아니오,고성군,111.0,2.091577162238553,"미분양·월세 구조 동시 점검형, 준공후미분양비율 2.092%, 중립, 월세 비중 높음"
정책 리스크 경계,미분양·월세 구조 동시 점검형,보수 접근,울산광역시,북구,판단 보류,51.35454447013127,65.35892626669994,중립,아니오,아니오,아니오,예,북구,184.0,0.2637992831541219,"미분양·월세 구조 동시 점검형, 준공후미분양비율 0.264%, 중립, 임차 선행"
정책 리스크 경계,미분양·월세 구조 동시 점검형,회피,강원특별자치도,강릉시,즉시 제외,51.24141075326481,41.813615397618875,중립,아니오,아니오,아니오,예,강릉시,209.0,0.3619737092779577,"미분양·월세 구조 동시 점검형, 준공후미분양비율 0.362%, 중립, 임차 선행"
정책 리스크 경계,미분양·월세 구조 동시 점검형,보수 접근,대구광역시,중구,판단 보류,51.15000395467897,55.66935260987279,중립,아니오,아니오,아니오,아니오,중구,446.0,1.4815306935955355,"미분양·월세 구조 동시 점검형, 준공후미분양비율 1.482%, 중립"
정책 리스크 경계,미분양·월세 구조 동시 점검형,보수 접근,광주광역시,북구,판단 보류,50.882016278748495,80.49463213847768,중립,아니오,아니오,아니오,예,북구,506.0,0.35772104827820234,"미분양·월세 구조 동시 점검형, 준공후미분양비율 0.358%, 중립, 임차 선행"
정책 리스크 경계,직접 규제 영향형,회피,서울특별시,금천구,즉시 제외,50.84088604012947,47.27150029113371,중립,예,아니오,아니오,예,금천구,8.0,0.025077583774803295,"직접 규제 영향형, 준공후미분양비율 0.025%, 중립, 토허 활성, 임차 선행"
정책 리스크 경계,시장 규모·출구 점검형,회피,대전광역시,동구,즉시 제외,50.82051717299264,49.41563964892227,중립,아니오,아니오,예,예,동구,93.0,0.15976910786991702,"시장 규모·출구 점검형, 준공후미분양비율 0.160%, 중립, 임차 선행, 월세 비중 높음"
정책 리스크 경계,시장 규모·출구 점검형,회피,충청북도,청주시 서원구,즉시 제외,50.73916790485639,48.93066724625082,중립,아니오,예,아니오,예,청주시,4.0,0.0015889094123021311,"시장 규모·출구 점검형, 준공후미분양비율 0.002%, 중립, 임차 수요 기반 양호, 임차 선행"
정책 리스크 경계,직접 규제 영향형,보수 접근,서울특별시,양천구,판단 보류,50.395126271377144,81.10813269257086,중립,예,아니오,아니오,아니오,양천구,5.0,0.005425347222222222,"직접 규제 영향형, 준공후미분양비율 0.005%, 중립, 토허 활성"
정책 리스크 경계,미분양·월세 구조 동시 점검형,회피,전라남도,광양시,즉시 제외,50.334856058076696,27.698138622575343,중립,아니오,아니오,아니오,예,광양시,408.0,0.7256945679627193,"미분양·월세 구조 동시 점검형, 준공후미분양비율 0.726%, 중립, 임차 선행"
정책 리스크 경계,시장 규모·출구 점검형,회피,전라남도,강진군,즉시 제외,50.20600758579112,14.36209519669637,중립,아니오,아니오,아니오,아니오,강진군,0.0,0.0,"시장 규모·출구 점검형, 준공후미분양비율 0.000%, 중립"
정책 리스크 경계,미분양·월세 구조 동시 점검형,회피,경기도,양평군,즉시 제외,49.92830525451326,42.93088459030646,중립,아니오,예,아니오,예,양평군,99.0,0.8888489854551984,"미분양·월세 구조 동시 점검형, 준공후미분양비율 0.889%, 중립, 임차 수요 기반 양호, 임차 선행"
정책 리스크 경계,시장 규모·출구 점검형,회피,강원특별자치도,횡성군,즉시 제외,49.79634239545802,9.792436426863723,중립,아니오,아니오,아니오,아니오,횡성군,0.0,0.0,"시장 규모·출구 점검형, 준공후미분양비율 0.000%, 중립"
정책 리스크 경계,직접 규제 영향형,관찰 유지,서울특별시,강서구,판단 보류,49.71092208770559,84.69052621410805,중립,예,아니오,아니오,아니오,강서구,107.0,0.09071179083726134,"직접 규제 영향형, 준공후미분양비율 0.091%, 중립, 토허 활성"
정책 리스크 경계,시장 규모·출구 점검형,회피,충청남도,계룡시,즉시 제외,49.64663717475912,12.055940603357833,중립,아니오,예,아니오,아니오,계룡시,0.0,0.0,"시장 규모·출구 점검형, 준공후미분양비율 0.000%, 중립, 임차 수요 기반 양호"
정책 리스크 경계,직접 규제 영향형,관찰 유지,서울특별시,영등포구,판단 보류,49.29736844171215,81.6795060655091,중립,예,아니오,아니오,아니오,영등포구,0.0,0.0,"직접 규제 영향형, 준공후미분양비율 0.000%, 중립, 토허 활성"
정책 리스크 경계,직접 규제 영향형,관찰 유지,서울특별시,노원구,판단 보류,49.16069831407204,86.5545064009166,중립,예,아니오,아니오,아니오,노원구,0.0,0.0,"직접 규제 영향형, 준공후미분양비율 0.000%, 중립, 토허 활성"
정책 리스크 경계,시장 규모·출구 점검형,회피,인천광역시,중구,즉시 제외,49.13439190990879,49.77125208958868,중립,아니오,아니오,아니오,예,중구,31.0,0.06685645272601794,"시장 규모·출구 점검형, 준공후미분양비율 0.067%, 중립, 임차 선행"
정책 리스크 경계,미분양·월세 구조 동시 점검형,회피,충청남도,공주시,즉시 제외,48.85108435235546,17.08246462792576,중립,아니오,아니오,아니오,예,공주시,240.0,1.199460242890699,"미분양·월세 구조 동시 점검형, 준공후미분양비율 1.199%, 중립, 임차 선행"
정책 리스크 경계,미분양·월세 구조 동시 점검형,회피,강원특별자치도,평창군,즉시 제외,48.60512064635877,36.20191262768963,중립,아니오,아니오,예,아니오,평창군,251.0,3.9053990975571806,"미분양·월세 구조 동시 점검형, 준공후미분양비율 3.905%, 중립, 월세 비중 높음"
정책 리스크 경계,미분양·월세 구조 동시 점검형,회피,경상남도,통영시,즉시 제외,48.389508610459345,18.439684341299937,중립,아니오,아니오,예,아니오,통영시,203.0,0.6909227051495864,"미분양·월세 구조 동시 점검형, 준공후미분양비율 0.691%, 중립, 월세 비중 높음"
정책 리스크 경계,미분양·월세 구조 동시 점검형,회피,부산광역시,사상구,즉시 제외,48.3882139063439,36.724383588108864,중립,아니오,아니오,예,예,사상구,361.0,0.5809369015625754,"미분양·월세 구조 동시 점검형, 준공후미분양비율 0.581%, 중립, 임차 선행, 월세 비중 높음"
정책 리스크 경계,시장 규모·출구 점검형,회피,충청남도,부여군,즉시 제외,47.255497325035485,24.516409476200824,중립,아니오,아니오,아니오,아니오,부여군,0.0,0.0,"시장 규모·출구 점검형, 준공후미분양비율 0.000%, 중립"
정책 리스크 경계,미분양·월세 구조 동시 점검형,보수 접근,대구광역시,동구,판단 보류,47.041236036530826,73.29104515658163,중립,아니오,아니오,예,아니오,동구,658.0,0.6662818838158308,"미분양·월세 구조 동시 점검형, 준공후미분양비율 0.666%, 중립, 월세 비중 높음"
정책 리스크 경계,시장 규모·출구 점검형,회피,충청북도,증평군,즉시 제외,46.891160464641565,15.39013257987394,중립,아니오,예,아니오,아니오,증평군,0.0,0.0,"시장 규모·출구 점검형, 준공후미분양비율 0.000%, 중립, 임차 수요 기반 양호"
정책 리스크 경계,공급 부담 우선 점검형,보수 접근,경기도,의왕시,판단 보류,46.7563780552682,61.866717111953655,수도권 공급 부담 경계,아니오,아니오,아니오,아니오,의왕시,0.0,0.0,"공급 부담 우선 점검형, 준공후미분양비율 0.000%, 수도권 공급 부담 경계"
정책 리스크 경계,시장 규모·출구 점검형,회피,경상북도,김천시,즉시 제외,46.60037443701266,34.27558689603173,중립,아니오,아니오,아니오,아니오,김천시,55.0,0.17082336863682954,"시장 규모·출구 점검형, 준공후미분양비율 0.171%, 중립"
정책 리스크 경계,직접 규제 영향형,관찰 유지,서울특별시,성북구,판단 보류,46.54279422032359,79.31869346706702,중립,예,아니오,아니오,아니오,성북구,0.0,0.0,"직접 규제 영향형, 준공후미분양비율 0.000%, 중립, 토허 활성"
정책 리스크 경계,직접 규제 영향형,보수 접근,서울특별시,중랑구,판단 보류,46.28108302318053,61.60185252266683,중립,예,아니오,아니오,예,중랑구,0.0,0.0,"직접 규제 영향형, 준공후미분양비율 0.000%, 중립, 토허 활성, 임차 선행"
정책 리스크 경계,직접 규제 영향형,보수 접근,서울특별시,강북구,판단 보류,46.02649670825421,50.86900056616785,중립,예,아니오,아니오,예,강북구,0.0,0.0,"직접 규제 영향형, 준공후미분양비율 0.000%, 중립, 토허 활성, 임차 선행"
정책 리스크 경계,직접 규제 영향형,관찰 유지,서울특별시,송파구,우선 검토,45.890282138533586,92.44112256863107,고가 핵심지 규제 민감,예,아니오,아니오,아니오,송파구,0.0,0.0,"직접 규제 영향형, 준공후미분양비율 0.000%, 고가 핵심지 규제 민감, 토허 활성"
정책 리스크 경계,직접 규제 영향형,보수 접근,서울특별시,도봉구,판단 보류,45.61627373095082,60.71315682849407,중립,예,아니오,아니오,아니오,도봉구,63.0,0.09632291109242412,"직접 규제 영향형, 준공후미분양비율 0.096%, 중립, 토허 활성"
정책 리스크 경계,직접 규제 영향형,관찰 유지,서울특별시,동작구,판단 보류,45.56464312432728,77.14463576087861,중립,예,아니오,아니오,아니오,동작구,0.0,0.0,"직접 규제 영향형, 준공후미분양비율 0.000%, 중립, 토허 활성"
정책 리스크 경계,미분양·월세 구조 동시 점검형,회피,부산광역시,동구,즉시 제외,45.47304576140169,37.92959662553229,중립,아니오,아니오,아니오,아니오,동구,325.0,2.031884964051266,"미분양·월세 구조 동시 점검형, 준공후미분양비율 2.032%, 중립"
정책 리스크 경계,미분양·월세 구조 동시 점검형,회피,경기도,동두천시,즉시 제외,44.41594856343619,18.188531210338063,중립,아니오,아니오,아니오,예,동두천시,137.0,0.6048832178021104,"미분양·월세 구조 동시 점검형, 준공후미분양비율 0.605%, 중립, 임차 선행"
정책 리스크 경계,미분양·월세 구조 동시 점검형,회피,전북특별자치도,남원시,즉시 제외,44.21262333767424,11.192333389681792,중립,아니오,아니오,예,예,남원시,92.0,0.6506825093712426,"미분양·월세 구조 동시 점검형, 준공후미분양비율 0.651%, 중립, 임차 선행, 월세 비중 높음"
정책 리스크 경계,미분양·월세 구조 동시 점검형,회피,강원특별자치도,속초시,즉시 제외,44.12896367751435,36.060840236019544,중립,아니오,아니오,아니오,아니오,속초시,236.0,0.8030761901521081,"미분양·월세 구조 동시 점검형, 준공후미분양비율 0.803%, 중립"
정책 리스크 경계,미분양·월세 구조 동시 점검형,회피,충청북도,진천군,즉시 제외,43.578103615514,29.374049119756577,중립,아니오,아니오,예,예,진천군,100.0,0.3800836183960471,"미분양·월세 구조 동시 점검형, 준공후미분양비율 0.380%, 중립, 임차 선행, 월세 비중 높음"
정책 리스크 경계,미분양·월세 구조 동시 점검형,회피,대구광역시,서구,즉시 제외,43.175287771643525,41.87007118688637,중립,아니오,아니오,예,아니오,서구,713.0,3.0566749549858527,"미분양·월세 구조 동시 점검형, 준공후미분양비율 3.057%, 중립, 월세 비중 높음"
정책 리스크 경계,미분양·월세 구조 동시 점검형,회피,대구광역시,남구,즉시 제외,42.804516515022286,38.30195260826283,중립,아니오,아니오,아니오,예,남구,99.0,0.4692165505474193,"미분양·월세 구조 동시 점검형, 준공후미분양비율 0.469%, 중립, 임차 선행"
정책 리스크 경계,직접 규제 영향형,회피,서울특별시,중구,즉시 제외,42.59461946715957,49.44220392238939,중립,예,아니오,예,아니오,중구,1.0,0.004101386268558773,"직접 규제 영향형, 준공후미분양비율 0.004%, 중립, 토허 활성, 월세 비중 높음"
정책 리스크 경계,미분양·월세 구조 동시 점검형,회피,경상북도,경주시,즉시 제외,42.27847859052604,38.272812405247386,중립,아니오,예,아니오,예,경주시,695.0,1.2269397122429164,"미분양·월세 구조 동시 점검형, 준공후미분양비율 1.227%, 중립, 임차 수요 기반 양호, 임차 선행"
정책 리스크 경계,직접 규제 영향형,관찰 유지,서울특별시,관악구,판단 보류,41.092688197586064,64.16152151571988,중립,예,아니오,예,아니오,관악구,4.0,0.007741286214704573,"직접 규제 영향형, 준공후미분양비율 0.008%, 중립, 토허 활성, 월세 비중 높음"
정책 리스크 경계,시장 규모·출구 점검형,회피,경기도,여주시,즉시 제외,41.06603962054885,24.82039599550286,중립,아니오,아니오,아니오,예,여주시,0.0,0.0,"시장 규모·출구 점검형, 준공후미분양비율 0.000%, 중립, 임차 선행"
정책 리스크 경계,직접 규제 영향형,보수 접근,서울특별시,서초구,판단 보류,40.67341120934155,76.89850032601609,고가 핵심지 규제 민감,예,아니오,예,아니오,서초구,0.0,0.0,"직접 규제 영향형, 준공후미분양비율 0.000%, 고가 핵심지 규제 민감, 토허 활성, 월세 비중 높음"
정책 리스크 경계,시장 규모·출구 점검형,회피,전라남도,고흥군,즉시 제외,40.243519186402544,15.409693544881549,중립,아니오,예,아니오,예,고흥군,4.0,0.09285051067780872,"시장 규모·출구 점검형, 준공후미분양비율 0.093%, 중립, 임차 수요 기반 양호, 임차 선행"
정책 리스크 경계,직접 규제 영향형,보수 접근,서울특별시,마포구,판단 보류,40.182437792684006,77.69086698812121,중립,예,아니오,아니오,아니오,마포구,47.0,0.06366838255215389,"직접 규제 영향형, 준공후미분양비율 0.064%, 중립, 토허 활성"
정책 리스크 경계,직접 규제 영향형,보수 접근,서울특별시,강남구,판단 보류,39.860019352453506,84.13291796469366,고가 핵심지 규제 민감,예,아니오,예,아니오,강남구,0.0,0.0,"직접 규제 영향형, 준공후미분양비율 0.000%, 고가 핵심지 규제 민감, 토허 활성, 월세 비중 높음"
정책 리스크 경계,직접 규제 영향형,회피,서울특별시,종로구,즉시 제외,39.22534588216864,41.58545780439572,중립,예,아니오,예,아니오,종로구,0.0,0.0,"직접 규제 영향형, 준공후미분양비율 0.000%, 중립, 토허 활성, 월세 비중 높음"
정책 리스크 경계,직접 규제 영향형,보수 접근,서울특별시,용산구,판단 보류,38.60972621669972,54.48461284583866,고가 핵심지 규제 민감,예,아니오,아니오,아니오,용산구,1.0,0.0026441036488630354,"직접 규제 영향형, 준공후미분양비율 0.003%, 고가 핵심지 규제 민감, 토허 활성"
정책 리스크 경계,정책 리스크 점검형,보수 접근,인천광역시,미추홀구,판단 보류,37.49202592341813,63.39013794639383,중립,아니오,아니오,예,아니오,미추홀구,160.0,0.18953079283099777,"정책 리스크 점검형, 준공후미분양비율 0.190%, 중립, 월세 비중 높음"
정책 리스크 경계,공급 부담 우선 점검형,관찰 유지,인천광역시,서구,판단 보류,37.44476305275419,90.85094222673008,수도권 공급 부담 경계,아니오,아니오,예,예,서구,979.0,0.572601682127107,"공급 부담 우선 점검형, 준공후미분양비율 0.573%, 수도권 공급 부담 경계, 임차 선행, 월세 비중 높음"
정책 리스크 경계,공급 부담 우선 점검형,관찰 유지,경기도,오산시,판단 보류,37.073447119540816,66.60012182000156,수도권 공급 부담 경계,아니오,아니오,아니오,예,오산시,0.0,0.0,"공급 부담 우선 점검형, 준공후미분양비율 0.000%, 수도권 공급 부담 경계, 임차 선행"
정책 리스크 경계,미분양·월세 구조 동시 점검형,보수 접근,제주특별자치도,제주시,판단 보류,36.83588786175123,50.151577354359354,중립,아니오,아니오,예,예,제주시,1296.0,2.0943085226721827,"미분양·월세 구조 동시 점검형, 준공후미분양비율 2.094%, 중립, 임차 선행, 월세 비중 높음"
정책 리스크 경계,미분양·월세 구조 동시 점검형,회피,경기도,포천시,즉시 제외,36.59863728847262,20.704650894464702,중립,아니오,예,아니오,아니오,포천시,123.0,0.5856863958859102,"미분양·월세 구조 동시 점검형, 준공후미분양비율 0.586%, 중립, 임차 수요 기반 양호"
정책 리스크 경계,미분양·월세 구조 동시 점검형,회피,강원특별자치도,삼척시,즉시 제외,36.49844711756288,23.9420040195234,중립,아니오,아니오,예,예,삼척시,76.0,0.4875545291249679,"미분양·월세 구조 동시 점검형, 준공후미분양비율 0.488%, 중립, 임차 선행, 월세 비중 높음"
정책 리스크 경계,직접 규제 영향형,관찰 유지,서울특별시,광진구,판단 보류,36.178496900425955,60.59211497232218,중립,예,아니오,아니오,아니오,광진구,52.0,0.15003318041489944,"직접 규제 영향형, 준공후미분양비율 0.150%, 중립, 토허 활성"
정책 리스크 경계,미분양·월세 구조 동시 점검형,회피,충청북도,옥천군,즉시 제외,36.00466689136052,19.36644207780917,중립,아니오,아니오,예,아니오,옥천군,187.0,2.8992248062015507,"미분양·월세 구조 동시 점검형, 준공후미분양비율 2.899%, 중립, 월세 비중 높음"
정책 리스크 경계,시장 규모·출구 점검형,회피,충청북도,단양군,즉시 제외,35.920537176547654,23.125407520104325,중립,아니오,아니오,아니오,아니오,단양군,0.0,0.0,"시장 규모·출구 점검형, 준공후미분양비율 0.000%, 중립"
정책 리스크 경계,직접 규제 영향형,관찰 유지,서울특별시,성동구,판단 보류,34.90605967265328,75.20093592106923,중립,예,아니오,아니오,아니오,성동구,0.0,0.0,"직접 규제 영향형, 준공후미분양비율 0.000%, 중립, 토허 활성"
정책 리스크 경계,미분양·월세 구조 동시 점검형,회피,경기도,연천군,즉시 제외,34.14936955967916,25.45207563573136,중립,아니오,아니오,아니오,아니오,연천군,37.0,0.7361719060883406,"미분양·월세 구조 동시 점검형, 준공후미분양비율 0.736%, 중립"
정책 리스크 경계,미분양·월세 구조 동시 점검형,회피,전라남도,담양군,즉시 제외,33.10945264893484,13.77526624646816,중립,아니오,아니오,예,아니오,담양군,47.0,1.9583333333333335,"미분양·월세 구조 동시 점검형, 준공후미분양비율 1.958%, 중립, 월세 비중 높음"
정책 리스크 경계,미분양·월세 구조 동시 점검형,회피,제주특별자치도,서귀포시,즉시 제외,32.3901715558678,34.78205221087203,중립,아니오,아니오,예,예,서귀포시,806.0,4.109728737507648,"미분양·월세 구조 동시 점검형, 준공후미분양비율 4.110%, 중립, 임차 선행, 월세 비중 높음"
정책 리스크 경계,미분양·월세 구조 동시 점검형,회피,충청남도,금산군,즉시 제외,30.204188609920383,21.239947837426648,중립,아니오,예,아니오,예,금산군,20.0,0.3370407819346141,"미분양·월세 구조 동시 점검형, 준공후미분양비율 0.337%, 중립, 임차 수요 기반 양호, 임차 선행"
정책 리스크 경계,공급 부담 우선 점검형,관찰 유지,경기도,과천시,판단 보류,29.205292684603908,47.10307206431238,수도권 공급 부담 경계,아니오,아니오,아니오,아니오,과천시,0.0,0.0,"공급 부담 우선 점검형, 준공후미분양비율 0.000%, 수도권 공급 부담 경계"
정책 리스크 경계,미분양·월세 구조 동시 점검형,회피,강원특별자치도,양양군,즉시 제외,21.558278940014652,20.065203216692023,중립,아니오,아니오,예,아니오,양양군,82.0,1.6396720655868824,"미분양·월세 구조 동시 점검형, 준공후미분양비율 1.640%, 중립, 월세 비중 높음"
정책 민감 관찰 후보,임차 선행 관찰형,보수 접근,광주광역시,서구,판단 보류,57.05085845087924,64.32310742967847,중립,아니오,예,아니오,예,서구,25.0,0.027052763710340648,"임차 선행 관찰형, 준공후미분양비율 0.027%, 중립, 임차 수요 기반 양호, 임차 선행"
정책 민감 관찰 후보,비토허 투자수요 유입 관찰형,관찰 유지,경기도,화성시 동탄구,판단 보류,56.41453754998251,91.82242990654206,중립,아니오,아니오,예,아니오,화성시,64.0,0.021287211042740728,"비토허 투자수요 유입 관찰형, 준공후미분양비율 0.021%, 중립, 월세 비중 높음"
정책 민감 관찰 후보,임차 선행 관찰형,보수 접근,경기도,부천시 소사구,판단 보류,56.35800883268378,61.80286894153445,중립,아니오,예,아니오,예,부천시,129.0,0.0773075401819424,"임차 선행 관찰형, 준공후미분양비율 0.077%, 중립, 임차 수요 기반 양호, 임차 선행"
정책 민감 관찰 후보,비토허 투자수요 유입 관찰형,관찰 유지,부산광역시,해운대구,우선 검토,56.01291844039832,82.74733619368844,중립,아니오,아니오,예,아니오,해운대구,69.0,0.058456246770080565,"비토허 투자수요 유입 관찰형, 준공후미분양비율 0.058%, 중립, 월세 비중 높음"
정책 민감 관찰 후보,임차 선행 관찰형,보수 접근,인천광역시,계양구,판단 보류,55.55771811642872,50.228130760623706,중립,아니오,아니오,아니오,예,계양구,0.0,0.0,"임차 선행 관찰형, 준공후미분양비율 0.000%, 중립, 임차 선행"
정책 민감 관찰 후보,임차 선행 관찰형,관찰 유지,울산광역시,남구,판단 보류,55.47916189000425,79.03488506256019,중립,아니오,예,아니오,예,남구,37.0,0.04362744520039147,"임차 선행 관찰형, 준공후미분양비율 0.044%, 중립, 임차 수요 기반 양호, 임차 선행"
정책 민감 관찰 후보,임차 선행 관찰형,보수 접근,경기도,안산시 상록구,판단 보류,54.43388131733893,50.14670723755705,중립,아니오,아니오,아니오,예,안산시,0.0,0.0,"임차 선행 관찰형, 준공후미분양비율 0.000%, 중립, 임차 선행"
정책 민감 관찰 후보,임차 선행 관찰형,관찰 유지,전북특별자치도,전주시 덕진구,판단 보류,53.6510769481511,71.52901543142795,중립,아니오,아니오,아니오,예,전주시,112.0,0.05820207552758623,"임차 선행 관찰형, 준공후미분양비율 0.058%, 중립, 임차 선행"
정책 민감 관찰 후보,임차 선행 관찰형,보수 접근,경기도,파주시,판단 보류,52.363873566515785,77.63290857328387,중립,아니오,아니오,아니오,예,파주시,1.0,0.0007204870492452898,"임차 선행 관찰형, 준공후미분양비율 0.001%, 중립, 임차 선행"
정책 민감 관찰 후보,임차 선행 관찰형,보수 접근,경기도,고양시 일산동구,판단 보류,52.25676450343449,59.12193001521408,중립,아니오,아니오,아니오,예,고양시,55.0,0.019618544161342906,"임차 선행 관찰형, 준공후미분양비율 0.020%, 중립, 임차 선행"
정책 민감 관찰 후보,임차 선행 관찰형,관찰 유지,경기도,고양시 일산서구,우선 검토,52.16420389543191,61.07259291458378,중립,아니오,예,아니오,예,고양시,55.0,0.019618544161342906,"임차 선행 관찰형, 준공후미분양비율 0.020%, 중립, 임차 수요 기반 양호, 임차 선행"
정책 민감 관찰 후보,비토허 투자수요 유입 관찰형,관찰 유지,경기도,화성시 병점구,판단 보류,52.104200809847285,67.70919365355358,중립,아니오,아니오,예,아니오,화성시,64.0,0.021287211042740728,"비토허 투자수요 유입 관찰형, 준공후미분양비율 0.021%, 중립, 월세 비중 높음"
정책 민감 관찰 후보,비토허 투자수요·임차선행 관찰형,보수 접근,대구광역시,달성군,판단 보류,51.75512157994592,52.864594653336226,중립,아니오,아니오,예,예,달성군,44.0,0.04936886395511921,"비토허 투자수요·임차선행 관찰형, 준공후미분양비율 0.049%, 중립, 임차 선행, 월세 비중 높음"
정책 민감 관찰 후보,임차 선행 관찰형,관찰 유지,충청북도,청주시 상당구,우선 검토,50.71283028018689,62.2201695283634,중립,아니오,아니오,아니오,예,청주시,4.0,0.0015889094123021311,"임차 선행 관찰형, 준공후미분양비율 0.002%, 중립, 임차 선행"
정책 민감 관찰 후보,비토허 투자수요·임차선행 관찰형,보수 접근,경기도,시흥시,판단 보류,50.58319629195921,88.61433773119639,중립,아니오,아니오,예,예,시흥시,20.0,0.012665522547796517,"비토허 투자수요·임차선행 관찰형, 준공후미분양비율 0.013%, 중립, 임차 선행, 월세 비중 높음"
정책 민감 관찰 후보,임차 선행 관찰형,관찰 유지,경기도,안산시 단원구,판단 보류,48.38887102414509,64.82395131493153,중립,아니오,아니오,아니오,예,안산시,0.0,0.0,"임차 선행 관찰형, 준공후미분양비율 0.000%, 중립, 임차 선행"
정책 민감 관찰 후보,비토허 투자수요·임차선행 관찰형,관찰 유지,전북특별자치도,전주시 완산구,우선 검토,47.263097895314814,67.09084981525756,중립,아니오,아니오,예,예,전주시,112.0,0.05820207552758623,"비토허 투자수요·임차선행 관찰형, 준공후미분양비율 0.058%, 중립, 임차 선행, 월세 비중 높음"
정책 민감 관찰 후보,정책 민감 관찰형,보수 접근,경기도,화성시 만세구,판단 보류,46.41759977910379,54.320799826124755,중립,아니오,예,아니오,아니오,화성시,64.0,0.021287211042740728,"정책 민감 관찰형, 준공후미분양비율 0.021%, 중립, 임차 수요 기반 양호"
정책 민감 관찰 후보,비토허 투자수요·임차선행 관찰형,관찰 유지,경기도,고양시 덕양구,판단 보류,46.15236784599292,85.3097152792871,중립,아니오,아니오,예,예,고양시,55.0,0.019618544161342906,"비토허 투자수요·임차선행 관찰형, 준공후미분양비율 0.020%, 중립, 임차 선행, 월세 비중 높음"
정책 민감 관찰 후보,비토허 투자수요 유입 관찰형,보수 접근,강원특별자치도,춘천시,판단 보류,41.94668824657901,62.24878649568934,중립,아니오,아니오,예,아니오,춘천시,52.0,0.06652423657041974,"비토허 투자수요 유입 관찰형, 준공후미분양비율 0.067%, 중립, 월세 비중 높음"
정책 민감 관찰 후보,정책 민감 관찰형,관찰 유지,충청북도,청주시 흥덕구,판단 보류,41.559195358647784,74.57726581178005,중립,아니오,예,아니오,아니오,청주시,4.0,0.0015889094123021311,"정책 민감 관찰형, 준공후미분양비율 0.002%, 중립, 임차 수요 기반 양호"
정책 민감 관찰 후보,임차 선행 관찰형,관찰 유지,충청북도,청주시 청원구,판단 보류,36.82566160472553,54.542490762877634,중립,아니오,아니오,아니오,예,청주시,4.0,0.0015889094123021311,"임차 선행 관찰형, 준공후미분양비율 0.002%, 중립, 임차 선행"
정책 중립,,관찰 유지,경기도,용인시 기흥구,판단 보류,64.23371396788775,89.95544446859378,중립,아니오,아니오,아니오,아니오,용인시,157.0,0.05385472944001372,"준공후미분양비율 0.054%, 중립"
정책 중립,,관찰 유지,경기도,구리시,판단 보류,63.6309763151771,65.55102084624652,중립,아니오,아니오,아니오,아니오,구리시,0.0,0.0,"준공후미분양비율 0.000%, 중립"
정책 중립,,우선 매수 검토,부산광역시,연제구,우선 검토,62.66877712407498,67.26709974482198,중립,아니오,아니오,아니오,아니오,연제구,0.0,0.0,"준공후미분양비율 0.000%, 중립"
정책 중립,,우선 매수 검토,경상남도,진주시,우선 검토,60.312233960630046,69.65986996922301,중립,아니오,아니오,아니오,예,진주시,56.0,0.06462184680006462,"준공후미분양비율 0.065%, 중립, 임차 선행"
정책 중립,,관찰 유지,대전광역시,유성구,판단 보류,59.47470712863071,81.89588414756857,중립,아니오,아니오,아니오,아니오,유성구,49.0,0.04429218378544505,"준공후미분양비율 0.044%, 중립"
정책 중립,,보수 접근,경기도,용인시 처인구,판단 보류,56.572270942812246,61.07367963486198,중립,아니오,아니오,아니오,아니오,용인시,157.0,0.05385472944001372,"준공후미분양비율 0.054%, 중립"
정책 중립,,보수 접근,부산광역시,남구,판단 보류,56.36283537991267,66.59019375820071,중립,아니오,아니오,아니오,아니오,남구,10.0,0.014569613613846961,"준공후미분양비율 0.015%, 중립"
정책 중립,,보수 접근,경기도,성남시 중원구,판단 보류,55.90336688708817,64.04259943490545,중립,아니오,아니오,아니오,아니오,성남시,55.0,0.02697215492805791,"준공후미분양비율 0.027%, 중립"
정책 중립,,관찰 유지,경기도,광명시,판단 보류,54.79195333198305,76.27673533128869,중립,아니오,아니오,아니오,아니오,광명시,0.0,0.0,"준공후미분양비율 0.000%, 중립"
정책 중립,,관찰 유지,인천광역시,연수구,우선 검토,53.392777803431045,88.82690558413226,중립,아니오,아니오,아니오,아니오,연수구,94.0,0.07377814754059761,"준공후미분양비율 0.074%, 중립"
정책 중립,,보수 접근,경기도,김포시,판단 보류,51.262120986216615,80.71728904881118,중립,아니오,아니오,아니오,아니오,김포시,96.0,0.06644978196165294,"준공후미분양비율 0.066%, 중립"
정책 중립,,관찰 유지,경기도,수원시 영통구,판단 보류,45.24433269881055,88.340578135188,중립,아니오,아니오,아니오,아니오,수원시,19.0,0.00627663440256351,"준공후미분양비율 0.006%, 중립"
정책 중립,,관찰 유지,경기도,용인시 수지구,우선 검토,44.500445257772896,93.69702238643772,중립,아니오,아니오,아니오,아니오,용인시,157.0,0.05385472944001372,"준공후미분양비율 0.054%, 중립"
정책 중립,,관찰 유지,경기도,수원시 팔달구,판단 보류,42.46257674798368,67.41360573788307,중립,아니오,아니오,아니오,아니오,수원시,19.0,0.00627663440256351,"준공후미분양비율 0.006%, 중립"
정책 중립,,보수 접근,인천광역시,남동구,판단 보류,41.66960137938819,77.47218130250805,중립,아니오,아니오,아니오,아니오,남동구,2.0,0.001511498726562323,"준공후미분양비율 0.002%, 중립"
정책 중립,,관찰 유지,경기도,안양시 동안구,판단 보류,40.47806369279603,84.39252336448598,중립,아니오,아니오,아니오,아니오,안양시,61.0,0.043190427302014375,"준공후미분양비율 0.043%, 중립"
정책 중립,,관찰 유지,경기도,성남시 수정구,판단 보류,39.57215682365172,71.38665507498371,중립,아니오,아니오,아니오,아니오,성남시,55.0,0.02697215492805791,"준공후미분양비율 0.027%, 중립"
정책 중립,,관찰 유지,경기도,수원시 장안구,판단 보류,37.86485557090436,64.60552053901326,중립,아니오,아니오,아니오,아니오,수원시,19.0,0.00627663440256351,"준공후미분양비율 0.006%, 중립"
정책 중립,,관찰 유지,세종특별자치시,세종시,판단 보류,36.90969829839238,90.05065994778376,중립,아니오,아니오,아니오,아니오,세종시,42.0,0.030918500305504228,"준공후미분양비율 0.031%, 중립"
정책 중립,,관찰 유지,경기도,성남시 분당구,우선 검토,31.27180240865483,89.99456639860901,중립,아니오,아니오,아니오,아니오,성남시,55.0,0.02697215492805791,"준공후미분양비율 0.027%, 중립"
정책 해석 주의,월세 구조 해석 주의형,관찰 유지,경기도,수원시 권선구,판단 보류,59.35170316359453,75.2836339926103,중립,아니오,아니오,예,아니오,수원시,19.0,0.00627663440256351,"월세 구조 해석 주의형, 준공후미분양비율 0.006%, 중립, 월세 비중 높음"
정책 해석 주의,월세 구조 해석 주의형,회피,경기도,화성시 효행구,즉시 제외,56.23029051965992,45.20539013257987,중립,아니오,아니오,예,아니오,화성시,64.0,0.021287211042740728,"월세 구조 해석 주의형, 준공후미분양비율 0.021%, 중립, 월세 비중 높음"
정책 해석 주의,월세 구조 해석 주의형,회피,경상북도,영천시,즉시 제외,54.224561812699214,16.495313686504005,중립,아니오,아니오,예,아니오,영천시,1.0,0.0049299940840071,"월세 구조 해석 주의형, 준공후미분양비율 0.005%, 중립, 월세 비중 높음"
정책 해석 주의,가격 선반영 후 임차 구조 점검형,회피,부산광역시,기장군,즉시 제외,54.04217657738706,27.58522704404034,중립,아니오,아니오,예,예,기장군,26.0,0.04680805098476938,"가격 선반영 후 임차 구조 점검형, 준공후미분양비율 0.047%, 중립, 임차 선행, 월세 비중 높음"
정책 해석 주의,가격 반영 대비 거래 회복 지연형,보수 접근,울산광역시,중구,판단 보류,53.911808506700275,57.24321873130103,중립,아니오,아니오,예,아니오,중구,0.0,0.0,"가격 반영 대비 거래 회복 지연형, 준공후미분양비율 0.000%, 중립, 월세 비중 높음"
정책 해석 주의,가격 선반영 후 임차 구조 점검형,회피,경상북도,영주시,즉시 제외,53.222394306019886,12.173467389000246,중립,아니오,아니오,예,예,영주시,5.0,0.02812939521800281,"가격 선반영 후 임차 구조 점검형, 준공후미분양비율 0.028%, 중립, 임차 선행, 월세 비중 높음"
정책 해석 주의,월세 구조 해석 주의형,회피,전라남도,나주시,즉시 제외,52.31876958776829,28.66239491683236,중립,아니오,아니오,예,예,나주시,2.0,0.006645401382243488,"월세 구조 해석 주의형, 준공후미분양비율 0.007%, 중립, 임차 선행, 월세 비중 높음"
정책 해석 주의,월세 구조 해석 주의형,회피,경상남도,창녕군,즉시 제외,50.01688795846645,6.281243207998261,중립,아니오,아니오,예,아니오,창녕군,0.0,0.0,"월세 구조 해석 주의형, 준공후미분양비율 0.000%, 중립, 월세 비중 높음"
정책 해석 주의,가격 선반영 후 임차 구조 점검형,회피,충청북도,충주시,즉시 제외,49.19217446207135,39.7076319962649,중립,아니오,아니오,예,예,충주시,8.0,0.014146272457207527,"가격 선반영 후 임차 구조 점검형, 준공후미분양비율 0.014%, 중립, 임차 선행, 월세 비중 높음"
정책 해석 주의,가격 선반영 후 임차 구조 점검형,회피,충청남도,태안군,즉시 제외,49.12112422088988,17.72766789828298,중립,아니오,아니오,예,아니오,태안군,0.0,0.0,"가격 선반영 후 임차 구조 점검형, 준공후미분양비율 0.000%, 중립, 월세 비중 높음"
정책 해석 주의,가격 선반영 후 임차 구조 점검형,회피,부산광역시,영도구,즉시 제외,46.74755672860515,33.30676905986621,중립,아니오,아니오,예,아니오,영도구,21.0,0.07189564860145846,"가격 선반영 후 임차 구조 점검형, 준공후미분양비율 0.072%, 중립, 월세 비중 높음"
정책 해석 주의,가격 선반영 후 임차 구조 점검형,회피,강원특별자치도,동해시,즉시 제외,46.606291424572944,28.844105280387243,중립,아니오,아니오,예,아니오,동해시,0.0,0.0,"가격 선반영 후 임차 구조 점검형, 준공후미분양비율 0.000%, 중립, 월세 비중 높음"
정책 해석 주의,가격 선반영 후 임차 구조 점검형,회피,광주광역시,동구,즉시 제외,43.47013176117642,45.825706166936335,중립,아니오,아니오,예,예,동구,0.0,0.0,"가격 선반영 후 임차 구조 점검형, 준공후미분양비율 0.000%, 중립, 임차 선행, 월세 비중 높음"
정책 해석 주의,월세 구조 해석 주의형,회피,전라남도,해남군,즉시 제외,43.006821357309114,9.789176266029123,중립,아니오,아니오,예,아니오,해남군,3.0,0.05095974180397486,"월세 구조 해석 주의형, 준공후미분양비율 0.051%, 중립, 월세 비중 높음"
정책 해석 주의,가격 반영 대비 거래 회복 지연형,보수 접근,인천광역시,부평구,판단 보류,42.673941164254614,75.5277569825132,중립,아니오,아니오,예,아니오,부평구,17.0,0.01371775319341225,"가격 반영 대비 거래 회복 지연형, 준공후미분양비율 0.014%, 중립, 월세 비중 높음"
정책 해석 주의,가격 선반영 후 임차 구조 점검형,회피,전라남도,영광군,즉시 제외,40.73649017122621,21.36057378830689,중립,아니오,아니오,예,예,영광군,0.0,0.0,"가격 선반영 후 임차 구조 점검형, 준공후미분양비율 0.000%, 중립, 임차 선행, 월세 비중 높음"
정책 해석 주의,가격 반영 대비 거래 회복 지연형,회피,인천광역시,동구,즉시 제외,39.00583276452606,25.877063762306097,중립,아니오,아니오,예,아니오,동구,8.0,0.04417936823503424,"가격 반영 대비 거래 회복 지연형, 준공후미분양비율 0.044%, 중립, 월세 비중 높음"
정책 해석 주의,가격 반영 대비 거래 회복 지연형,관찰 유지,경기도,하남시,판단 보류,38.31189934282322,85.95023626103826,중립,아니오,아니오,예,아니오,하남시,3.0,0.0033083734933115716,"가격 반영 대비 거래 회복 지연형, 준공후미분양비율 0.003%, 중립, 월세 비중 높음"
정책 해석 주의,월세 구조 해석 주의형,회피,경상북도,문경시,즉시 제외,38.10323350807764,10.15667554825709,중립,아니오,아니오,예,예,문경시,0.0,0.0,"월세 구조 해석 주의형, 준공후미분양비율 0.000%, 중립, 임차 선행, 월세 비중 높음"
정책 해석 주의,가격 반영 대비 거래 회복 지연형,회피,강원특별자치도,영월군,즉시 제외,37.28516213560432,17.633123234079548,중립,아니오,아니오,예,아니오,영월군,0.0,0.0,"가격 반영 대비 거래 회복 지연형, 준공후미분양비율 0.000%, 중립, 월세 비중 높음"
정책 해석 주의,가격 반영 대비 거래 회복 지연형,회피,전북특별자치도,부안군,즉시 제외,33.972802707719175,6.761573570962834,중립,아니오,아니오,예,예,부안군,0.0,0.0,"가격 반영 대비 거래 회복 지연형, 준공후미분양비율 0.000%, 중립, 임차 선행, 월세 비중 높음"
정책 해석 주의,가격 반영 대비 거래 회복 지연형,회피,경상북도,안동시,즉시 제외,30.990092878494664,37.38366055688377,중립,아니오,아니오,예,예,안동시,6.0,0.01644556517925666,"가격 반영 대비 거래 회복 지연형, 준공후미분양비율 0.016%, 중립, 임차 선행, 월세 비중 높음"
정책 해석 주의,가격 반영 대비 거래 회복 지연형,회피,경상북도,성주군,즉시 제외,27.570125211441663,9.22625516192132,중립,아니오,아니오,예,아니오,성주군,0.0,0.0,"가격 반영 대비 거래 회복 지연형, 준공후미분양비율 0.000%, 중립, 월세 비중 높음"
정책 해석 주의,가격 반영 대비 거래 회복 지연형,회피,충청남도,보령시,즉시 제외,27.54947821709119,23.176523622078935,중립,아니오,아니오,예,예,보령시,0.0,0.0,"가격 반영 대비 거래 회복 지연형, 준공후미분양비율 0.000%, 중립, 임차 선행, 월세 비중 높음"
